http://db.uwaterloo.ca/~galuc/wsdbm/Product155576,cradlemate torsimeter predictably generality palmatisected Achillean,evergreenite superspecification stoically winterbourne feminologist fearer syllogize thickener antigod totemically unsensuous thiouracil invalid ortolan plinthless hortatorily perinephral archizoic pituitous chonta mandibuliform overslavishly homotaxia malefically,16,http://db.uwaterloo.ca/~galuc/wsdbm/Review369914,euhedral,78647,http://db.uwaterloo.ca/~galuc/wsdbm/Product69471,http://db.uwaterloo.ca/~galuc/wsdbm/Language22
5423216,incomposedness Loranthaceae semeiotical pinicoline superlunary amok sustentative unappeasableness ovalish,sauqui anorganology imperiousness leapfrogging stagnature covet nonpartial tegular pinite crickety unadvisable beplumed peract hematological,14,http://db.uwaterloo.ca/~galuc/wsdbm/Review1138960,precreditor,http://db.uwaterloo.ca/~galuc/wsdbm/User649080,9839300,http://db.uwaterloo.ca/~galuc/wsdbm/Language11
http://db.uwaterloo.ca/~galuc/wsdbm/Product12484,inorganically caumatic ironism pellicule transitionary Bibionidae,reciprocation xanthite plumification pivoter causeful outmerchant disharmony classy rationality washday promajority tricrotic Phyllaurea malaxate berret unpenitentness gieseckite,9,http://db.uwaterloo.ca/~galuc/wsdbm/Review243401,imaginate enlinkment Congreso unaccursed jackbox,http://db.uwaterloo.ca/~galuc/wsdbm/User605007,http://db.uwaterloo.ca/~galuc/wsdbm/Product188771,http://db.uwaterloo.ca/~galuc/wsdbm/Language3
http://db.uwaterloo.ca/~galuc/wsdbm/Product94371,3544743,Pteridospermaphyta misogynistical semihumorously monochromical unfrenchified omentofixation eidently unnourishable fictionization nowt isocamphoric counterfix,8,http://db.uwaterloo.ca/~galuc/wsdbm/Review993789,ringwalk sticharion kiyas adverbially refloor stampless truantlike transcendentalize hastiness eggcupful blightbird Citropsis autojuggernaut hyposynaphe prolix adderfish chrysammic,9569568,http://db.uwaterloo.ca/~galuc/wsdbm/Product127505,http://db.uwaterloo.ca/~galuc/wsdbm/Language10
http://db.uwaterloo.ca/~galuc/wsdbm/Product94371,3544743,Pteridospermaphyta misogynistical semihumorously monochromical unfrenchified omentofixation eidently unnourishable fictionization nowt isocamphoric counterfix,8,http://db.uwaterloo.ca/~galuc/wsdbm/Review993789,ringwalk sticharion kiyas adverbially refloor stampless truantlike transcendentalize hastiness eggcupful blightbird Citropsis autojuggernaut hyposynaphe prolix adderfish chrysammic,9569568,http://db.uwaterloo.ca/~galuc/wsdbm/Product127505,http://db.uwaterloo.ca/~galuc/wsdbm/Language23
http://db.uwaterloo.ca/~galuc/wsdbm/Product94371,3544743,Pteridospermaphyta misogynistical semihumorously monochromical unfrenchified omentofixation eidently unnourishable fictionization nowt isocamphoric counterfix,8,http://db.uwaterloo.ca/~galuc/wsdbm/Review993789,ringwalk sticharion kiyas adverbially refloor stampless truantlike transcendentalize hastiness eggcupful blightbird Citropsis autojuggernaut hyposynaphe prolix adderfish chrysammic,9569568,http://db.uwaterloo.ca/~galuc/wsdbm/Product127505,http://db.uwaterloo.ca/~galuc/wsdbm/Language17
http://db.uwaterloo.ca/~galuc/wsdbm/Product147190,competitive presatisfactory collarband,underballast violina autecology piscine Hallstattian cystectasia lassitude nontaxability unpictorially overconquer chervonets nudist Christology convivialist tonelessness circumconic showable,16,http://db.uwaterloo.ca/~galuc/wsdbm/Review444765,Chlamydomonadaceae backhooker,http://db.uwaterloo.ca/~galuc/wsdbm/User201680,5716355,http://db.uwaterloo.ca/~galuc/wsdbm/Language27
http://db.uwaterloo.ca/~galuc/wsdbm/Product147190,competitive presatisfactory collarband,underballast violina autecology piscine Hallstattian cystectasia lassitude nontaxability unpictorially overconquer chervonets nudist Christology convivialist tonelessness circumconic showable,16,http://db.uwaterloo.ca/~galuc/wsdbm/Review444765,Chlamydomonadaceae backhooker,http://db.uwaterloo.ca/~galuc/wsdbm/User201680,5716355,http://db.uwaterloo.ca/~galuc/wsdbm/Language2
http://db.uwaterloo.ca/~galuc/wsdbm/Product43621,dorsoposteriad uncontriving vitameric pseudoconclude garnisheement arrogant implacably Nautiloidea rompishly itchreed monoureide colostomy falsifiable apocryphal semifuddle,scotcher demotist snuffingly sarcoplasmic riverward Phractamphibia ethnologist bruisewort polishable cardecu Melianthus appendiculated nonhistorical recompass forspeak moste rhinophore Schrebera psychagogue,8,http://db.uwaterloo.ca/~galuc/wsdbm/Review462445,transdialect uncaged coryphylly outpassion globulolysis inconvinced nemaline,6812660,4851841,http://db.uwaterloo.ca/~galuc/wsdbm/Language2
http://db.uwaterloo.ca/~galuc/wsdbm/Product213560,glaucolite harshly dilluer recompetitor bighorn intervocal merocelic hayseed Petricola thiamide fleecy barger annoyment mentimutation collobrierite mesothetical Palaihnihan saltine uncoifed shoeflower acinous,loud kinescope tastably tithing unwordable cotemporaneously nast,13,http://db.uwaterloo.ca/~galuc/wsdbm/Review269948,strictness blushfully partivity bilocation unpalatability ibid,http://db.uwaterloo.ca/~galuc/wsdbm/User205592,http://db.uwaterloo.ca/~galuc/wsdbm/Product173811,http://db.uwaterloo.ca/~galuc/wsdbm/Language1
http://db.uwaterloo.ca/~galuc/wsdbm/Product213560,glaucolite harshly dilluer recompetitor bighorn intervocal merocelic hayseed Petricola thiamide fleecy barger annoyment mentimutation collobrierite mesothetical Palaihnihan saltine uncoifed shoeflower acinous,loud kinescope tastably tithing unwordable cotemporaneously nast,13,http://db.uwaterloo.ca/~galuc/wsdbm/Review269948,strictness blushfully partivity bilocation unpalatability ibid,http://db.uwaterloo.ca/~galuc/wsdbm/User205592,http://db.uwaterloo.ca/~galuc/wsdbm/Product173811,http://db.uwaterloo.ca/~galuc/wsdbm/Language0
2640032,allopathic Archangelica inosite Kinipetu mayweed myiasis bigeneric maffle Micraster persuaded extinguished rewater protopresbytery unsickly autecologic permanentness elytroclasia wicky olivine planksheer semiellipsis,eternalism furciform Liliales ultrarevolutionary acrolithan afterpast glozingly salagrama immoralism beliefful spectropyrheliometer vaultedly replyingly disinfection spasmodical slubberingly unsanctioning,12,http://db.uwaterloo.ca/~galuc/wsdbm/Review452771,turn complected unattire degradingly raioid rebel Bilaan electropercussive cudgeler outbribe peritomy director unlimber wishly protectorian,http://db.uwaterloo.ca/~galuc/wsdbm/User492027,http://db.uwaterloo.ca/~galuc/wsdbm/Product60332,http://db.uwaterloo.ca/~galuc/wsdbm/Language1
2640032,allopathic Archangelica inosite Kinipetu mayweed myiasis bigeneric maffle Micraster persuaded extinguished rewater protopresbytery unsickly autecologic permanentness elytroclasia wicky olivine planksheer semiellipsis,eternalism furciform Liliales ultrarevolutionary acrolithan afterpast glozingly salagrama immoralism beliefful spectropyrheliometer vaultedly replyingly disinfection spasmodical slubberingly unsanctioning,12,http://db.uwaterloo.ca/~galuc/wsdbm/Review452771,turn complected unattire degradingly raioid rebel Bilaan electropercussive cudgeler outbribe peritomy director unlimber wishly protectorian,http://db.uwaterloo.ca/~galuc/wsdbm/User492027,http://db.uwaterloo.ca/~galuc/wsdbm/Product60332,http://db.uwaterloo.ca/~galuc/wsdbm/Language29
2640032,allopathic Archangelica inosite Kinipetu mayweed myiasis bigeneric maffle Micraster persuaded extinguished rewater protopresbytery unsickly autecologic permanentness elytroclasia wicky olivine planksheer semiellipsis,eternalism furciform Liliales ultrarevolutionary acrolithan afterpast glozingly salagrama immoralism beliefful spectropyrheliometer vaultedly replyingly disinfection spasmodical slubberingly unsanctioning,12,http://db.uwaterloo.ca/~galuc/wsdbm/Review452771,turn complected unattire degradingly raioid rebel Bilaan electropercussive cudgeler outbribe peritomy director unlimber wishly protectorian,http://db.uwaterloo.ca/~galuc/wsdbm/User492027,http://db.uwaterloo.ca/~galuc/wsdbm/Product60332,8235514
http://db.uwaterloo.ca/~galuc/wsdbm/Product89301,preaccomplish superjudicial unmuddied Adrienne vergent pandurate sleepyhead measurer secondar lavisher eduction superdirection,nonhousekeeping,14,http://db.uwaterloo.ca/~galuc/wsdbm/Review260462,unsized stipe vindication ungowned dowlas,http://db.uwaterloo.ca/~galuc/wsdbm/User782288,http://db.uwaterloo.ca/~galuc/wsdbm/Product98096,http://db.uwaterloo.ca/~galuc/wsdbm/Language3
http://db.uwaterloo.ca/~galuc/wsdbm/Product89301,preaccomplish superjudicial unmuddied Adrienne vergent pandurate sleepyhead measurer secondar lavisher eduction superdirection,nonhousekeeping,14,http://db.uwaterloo.ca/~galuc/wsdbm/Review260462,unsized stipe vindication ungowned dowlas,http://db.uwaterloo.ca/~galuc/wsdbm/User782288,http://db.uwaterloo.ca/~galuc/wsdbm/Product98096,http://db.uwaterloo.ca/~galuc/wsdbm/Language2
http://db.uwaterloo.ca/~galuc/wsdbm/Product89301,preaccomplish superjudicial unmuddied Adrienne vergent pandurate sleepyhead measurer secondar lavisher eduction superdirection,nonhousekeeping,14,http://db.uwaterloo.ca/~galuc/wsdbm/Review260462,unsized stipe vindication ungowned dowlas,http://db.uwaterloo.ca/~galuc/wsdbm/User782288,http://db.uwaterloo.ca/~galuc/wsdbm/Product98096,6959736
http://db.uwaterloo.ca/~galuc/wsdbm/Product241765,brachystochrone fural Protohemiptera primitively unstupefied belomancy irregulated lipide lamentableness Adventism monogonoporic Cryptostegia wanderlustful,detent parathyroid fluate inexplicability skegger eriophyllous posterish glutenous eyewash coracohumeral neotype persico doab spooning leucotome,10,http://db.uwaterloo.ca/~galuc/wsdbm/Review511984,cadastral auxograph arithmogram witted Salpa meningomyelorrhaphy Pacchionian tubercule dorter Badawi Eriosoma protoloph clavipectoral palaeophytologist Buddh,http://db.uwaterloo.ca/~galuc/wsdbm/User789260,7752006,http://db.uwaterloo.ca/~galuc/wsdbm/Language6
http://db.uwaterloo.ca/~galuc/wsdbm/Product241765,brachystochrone fural Protohemiptera primitively unstupefied belomancy irregulated lipide lamentableness Adventism monogonoporic Cryptostegia wanderlustful,detent parathyroid fluate inexplicability skegger eriophyllous posterish glutenous eyewash coracohumeral neotype persico doab spooning leucotome,10,http://db.uwaterloo.ca/~galuc/wsdbm/Review511984,cadastral auxograph arithmogram witted Salpa meningomyelorrhaphy Pacchionian tubercule dorter Badawi Eriosoma protoloph clavipectoral palaeophytologist Buddh,http://db.uwaterloo.ca/~galuc/wsdbm/User789260,7752006,http://db.uwaterloo.ca/~galuc/wsdbm/Language16
http://db.uwaterloo.ca/~galuc/wsdbm/Product71955,7369497,6213189,9,6358385,lutose slapdashery tooler martinetishness relatival phantoplex revolvement,http://db.uwaterloo.ca/~galuc/wsdbm/User194552,http://db.uwaterloo.ca/~galuc/wsdbm/Product135037,http://db.uwaterloo.ca/~galuc/wsdbm/Language30
http://db.uwaterloo.ca/~galuc/wsdbm/Product153523,snakeberry antehypophysis conoscope intermediary overabsorb Lilian autophotoelectric Chambioa saltishly acescency thimbleflower untilt clanking,dong befrumple bilirubinuria ranksman ghostlike wolframinium Hecate Jeremian gringophobia flintify longs comournful preconcertion loquaciousness,14,http://db.uwaterloo.ca/~galuc/wsdbm/Review369858,directorate ovariotomize cropplecrown alkalimetry abjurement hyphenism bonaventure reverb postfixal shenanigan numerableness essoin archbuilder gastraea zag Baginda Brahmanda balsamous unconfident concurrency passometer phellodermal,http://db.uwaterloo.ca/~galuc/wsdbm/User314611,http://db.uwaterloo.ca/~galuc/wsdbm/Product243010,http://db.uwaterloo.ca/~galuc/wsdbm/Language8
http://db.uwaterloo.ca/~galuc/wsdbm/Product153523,snakeberry antehypophysis conoscope intermediary overabsorb Lilian autophotoelectric Chambioa saltishly acescency thimbleflower untilt clanking,dong befrumple bilirubinuria ranksman ghostlike wolframinium Hecate Jeremian gringophobia flintify longs comournful preconcertion loquaciousness,14,http://db.uwaterloo.ca/~galuc/wsdbm/Review369858,directorate ovariotomize cropplecrown alkalimetry abjurement hyphenism bonaventure reverb postfixal shenanigan numerableness essoin archbuilder gastraea zag Baginda Brahmanda balsamous unconfident concurrency passometer phellodermal,http://db.uwaterloo.ca/~galuc/wsdbm/User314611,http://db.uwaterloo.ca/~galuc/wsdbm/Product243010,http://db.uwaterloo.ca/~galuc/wsdbm/Language1
http://db.uwaterloo.ca/~galuc/wsdbm/Product73089,pileous forbearantly Paynize ferganite ethology frenulum Amelanchier althionic neritic gooseneck sagittary cholesteroluria chuter ministerialism antitheistically tribual whilk sceloncus Brachelytra currack saltary fister bardism,Sabian galvanoplastical granny disproportion foyaite katabothron preresemble semiarticulate backcast excusive archcheater bargainee socioeducational,10,http://db.uwaterloo.ca/~galuc/wsdbm/Review1459186,Bartlemy tattlingly mischoose uninterruptedness Vedda goniocraniometry prochoos panoramic chondrodystrophia antiparabema anantherous risala Madagass gynaecea hierurgy,http://db.uwaterloo.ca/~galuc/wsdbm/User388705,http://db.uwaterloo.ca/~galuc/wsdbm/Product137338,http://db.uwaterloo.ca/~galuc/wsdbm/Language1
http://db.uwaterloo.ca/~galuc/wsdbm/Product201240,venomly isoantibody,quinquagesimal overboastful inselberg archibenthos huccatoon deliberateness pantherlike chalchuite fusional Physalospora hoedown auricular,14,3644332,massager masturbate peglet obliviously Wahehe unforewarnedness gibbed argumentativeness,http://db.uwaterloo.ca/~galuc/wsdbm/User602245,http://db.uwaterloo.ca/~galuc/wsdbm/Product86742,http://db.uwaterloo.ca/~galuc/wsdbm/Language27
http://db.uwaterloo.ca/~galuc/wsdbm/Product201240,venomly isoantibody,quinquagesimal overboastful inselberg archibenthos huccatoon deliberateness pantherlike chalchuite fusional Physalospora hoedown auricular,14,3644332,massager masturbate peglet obliviously Wahehe unforewarnedness gibbed argumentativeness,http://db.uwaterloo.ca/~galuc/wsdbm/User602245,http://db.uwaterloo.ca/~galuc/wsdbm/Product86742,5302132
http://db.uwaterloo.ca/~galuc/wsdbm/Product201240,venomly isoantibody,quinquagesimal overboastful inselberg archibenthos huccatoon deliberateness pantherlike chalchuite fusional Physalospora hoedown auricular,14,3644332,massager masturbate peglet obliviously Wahehe unforewarnedness gibbed argumentativeness,http://db.uwaterloo.ca/~galuc/wsdbm/User602245,http://db.uwaterloo.ca/~galuc/wsdbm/Product86742,8263250
http://db.uwaterloo.ca/~galuc/wsdbm/Product31949,uncontrolled somesthetic variolitization saturnism toadyship dephlegmedness deliberalize neurodynia,mussuk unforetellable obedientialness mimmest dextroduction hippoboscid fineish fiddling sericipary pantalgia vernacularism honoress eumenid rizzomed Loammi associatory pantomnesic hexapla,12,2008470,puzzle arguer,1360356,http://db.uwaterloo.ca/~galuc/wsdbm/Product188070,http://db.uwaterloo.ca/~galuc/wsdbm/Language32
http://db.uwaterloo.ca/~galuc/wsdbm/Product31949,uncontrolled somesthetic variolitization saturnism toadyship dephlegmedness deliberalize neurodynia,mussuk unforetellable obedientialness mimmest dextroduction hippoboscid fineish fiddling sericipary pantalgia vernacularism honoress eumenid rizzomed Loammi associatory pantomnesic hexapla,12,2008470,puzzle arguer,1360356,http://db.uwaterloo.ca/~galuc/wsdbm/Product188070,http://db.uwaterloo.ca/~galuc/wsdbm/Language0
http://db.uwaterloo.ca/~galuc/wsdbm/Product197088,reaffirmation polyommatous nailhead intrametropolitan subcollateral unconsideredly unisolable syntactically tropicalization ahint muletta extraparenchymal lockout fierily presolicit becrown Jacaltec Marchmont logical anticoagulin,assation,10,http://db.uwaterloo.ca/~galuc/wsdbm/Review1283103,stallage balmony merrymake apocalypt addendum ladybug pundita leucocidin interweaving superciliosity ununitable molluscoid azygospore hannayite unbridledness revivatory nourishable chromatogenous braggartry Alcelaphus phantasmogenesis feltyfare nettle intranquil,http://db.uwaterloo.ca/~galuc/wsdbm/User778285,http://db.uwaterloo.ca/~galuc/wsdbm/Product69344,http://db.uwaterloo.ca/~galuc/wsdbm/Language21
http://db.uwaterloo.ca/~galuc/wsdbm/Product197088,reaffirmation polyommatous nailhead intrametropolitan subcollateral unconsideredly unisolable syntactically tropicalization ahint muletta extraparenchymal lockout fierily presolicit becrown Jacaltec Marchmont logical anticoagulin,assation,10,http://db.uwaterloo.ca/~galuc/wsdbm/Review1283103,stallage balmony merrymake apocalypt addendum ladybug pundita leucocidin interweaving superciliosity ununitable molluscoid azygospore hannayite unbridledness revivatory nourishable chromatogenous braggartry Alcelaphus phantasmogenesis feltyfare nettle intranquil,http://db.uwaterloo.ca/~galuc/wsdbm/User778285,http://db.uwaterloo.ca/~galuc/wsdbm/Product69344,8263250
http://db.uwaterloo.ca/~galuc/wsdbm/Product183545,unconnived footlights animalculae divagation blackshirted deviability peritreme pathfinder anthypophora onliness monticoline zygotene trucklingly contemplator fique doorstead unsole pedimented tyrannical tobacconize frivoler Chrysops,silkiness chercock forwardal motorism plenarily fraternally unexpurgatedly slippery Balmarcodes acquitment hamfatter vergerism resurrender mosaically treasonably,15,http://db.uwaterloo.ca/~galuc/wsdbm/Review1236767,condensity phthisiology,http://db.uwaterloo.ca/~galuc/wsdbm/User551969,http://db.uwaterloo.ca/~galuc/wsdbm/Product132356,http://db.uwaterloo.ca/~galuc/wsdbm/Language11
http://db.uwaterloo.ca/~galuc/wsdbm/Product183545,unconnived footlights animalculae divagation blackshirted deviability peritreme pathfinder anthypophora onliness monticoline zygotene trucklingly contemplator fique doorstead unsole pedimented tyrannical tobacconize frivoler Chrysops,silkiness chercock forwardal motorism plenarily fraternally unexpurgatedly slippery Balmarcodes acquitment hamfatter vergerism resurrender mosaically treasonably,15,http://db.uwaterloo.ca/~galuc/wsdbm/Review1236767,condensity phthisiology,http://db.uwaterloo.ca/~galuc/wsdbm/User551969,http://db.uwaterloo.ca/~galuc/wsdbm/Product132356,http://db.uwaterloo.ca/~galuc/wsdbm/Language0
http://db.uwaterloo.ca/~galuc/wsdbm/Product30709,nasopharyngitis dermalgia pleurodirous knightliness millithrum cylix hypothalline itchless,8372898,8,http://db.uwaterloo.ca/~galuc/wsdbm/Review185022,pierine cirrigerous wagonsmith zooks dentiphone intermundian Bosniak parakeratosis hemorrhoidectomy thymelaeaceous malicious offscourer oatbin denervation fusionism sesamoiditis vole unlikable vainglorious squintingly chubbiness,http://db.uwaterloo.ca/~galuc/wsdbm/User669416,http://db.uwaterloo.ca/~galuc/wsdbm/Product86635,http://db.uwaterloo.ca/~galuc/wsdbm/Language8
http://db.uwaterloo.ca/~galuc/wsdbm/Product30709,nasopharyngitis dermalgia pleurodirous knightliness millithrum cylix hypothalline itchless,8372898,8,http://db.uwaterloo.ca/~galuc/wsdbm/Review185022,pierine cirrigerous wagonsmith zooks dentiphone intermundian Bosniak parakeratosis hemorrhoidectomy thymelaeaceous malicious offscourer oatbin denervation fusionism sesamoiditis vole unlikable vainglorious squintingly chubbiness,http://db.uwaterloo.ca/~galuc/wsdbm/User669416,http://db.uwaterloo.ca/~galuc/wsdbm/Product86635,http://db.uwaterloo.ca/~galuc/wsdbm/Language27
http://db.uwaterloo.ca/~galuc/wsdbm/Product30709,nasopharyngitis dermalgia pleurodirous knightliness millithrum cylix hypothalline itchless,8372898,8,http://db.uwaterloo.ca/~galuc/wsdbm/Review185022,pierine cirrigerous wagonsmith zooks dentiphone intermundian Bosniak parakeratosis hemorrhoidectomy thymelaeaceous malicious offscourer oatbin denervation fusionism sesamoiditis vole unlikable vainglorious squintingly chubbiness,http://db.uwaterloo.ca/~galuc/wsdbm/User669416,http://db.uwaterloo.ca/~galuc/wsdbm/Product86635,http://db.uwaterloo.ca/~galuc/wsdbm/Language2
http://db.uwaterloo.ca/~galuc/wsdbm/Product30709,nasopharyngitis dermalgia pleurodirous knightliness millithrum cylix hypothalline itchless,8372898,8,http://db.uwaterloo.ca/~galuc/wsdbm/Review185022,pierine cirrigerous wagonsmith zooks dentiphone intermundian Bosniak parakeratosis hemorrhoidectomy thymelaeaceous malicious offscourer oatbin denervation fusionism sesamoiditis vole unlikable vainglorious squintingly chubbiness,http://db.uwaterloo.ca/~galuc/wsdbm/User669416,http://db.uwaterloo.ca/~galuc/wsdbm/Product86635,http://db.uwaterloo.ca/~galuc/wsdbm/Language0
http://db.uwaterloo.ca/~galuc/wsdbm/Product111037,mubarat aspergation,loricoid marriable anchorable novenary Baloskionaceae quercine feedable syllidian cupidinous,12,http://db.uwaterloo.ca/~galuc/wsdbm/Review571595,schistoprosopus interabsorption tyronism procrastinating,http://db.uwaterloo.ca/~galuc/wsdbm/User828432,http://db.uwaterloo.ca/~galuc/wsdbm/Product74491,http://db.uwaterloo.ca/~galuc/wsdbm/Language16
http://db.uwaterloo.ca/~galuc/wsdbm/Product228662,mistetch pleuronectid subdentate eclamptic daira splanchnological,wrentail encephalomeningocele metabolite overshadowing overbrown crotonic Eleusinion unawaked uncheerable,15,http://db.uwaterloo.ca/~galuc/wsdbm/Review455701,aftershock pulpitic titlark fetch superacetate Beneventan ganch telharmony discovert reapable spatialize haemorrhagic demirevetment,http://db.uwaterloo.ca/~galuc/wsdbm/User29384,http://db.uwaterloo.ca/~galuc/wsdbm/Product64717,http://db.uwaterloo.ca/~galuc/wsdbm/Language8
http://db.uwaterloo.ca/~galuc/wsdbm/Product228662,mistetch pleuronectid subdentate eclamptic daira splanchnological,wrentail encephalomeningocele metabolite overshadowing overbrown crotonic Eleusinion unawaked uncheerable,15,http://db.uwaterloo.ca/~galuc/wsdbm/Review455701,aftershock pulpitic titlark fetch superacetate Beneventan ganch telharmony discovert reapable spatialize haemorrhagic demirevetment,http://db.uwaterloo.ca/~galuc/wsdbm/User29384,http://db.uwaterloo.ca/~galuc/wsdbm/Product64717,http://db.uwaterloo.ca/~galuc/wsdbm/Language0
http://db.uwaterloo.ca/~galuc/wsdbm/Product108859,uliginous avourneen Nordic urosthenic decemvirate compromise doohickus Cyclopean Sequanian coolheaded iliococcygeal cantholysis chloranthaceous bridleless bokom headbander Spartanlike nastaliq Bafyot opsisform superexist unidactyl hogback undonating techily,monotonously express splanchnodiastasis bathyseism manifestable tiza antarctical alliteral illustrious semirelief inveigh taperingly,6,http://db.uwaterloo.ca/~galuc/wsdbm/Review1336929,inversedly towhead shooler loft diploperistomic nodated Titoism Mustela,http://db.uwaterloo.ca/~galuc/wsdbm/User8103,6136530,http://db.uwaterloo.ca/~galuc/wsdbm/Language3
http://db.uwaterloo.ca/~galuc/wsdbm/Product108859,uliginous avourneen Nordic urosthenic decemvirate compromise doohickus Cyclopean Sequanian coolheaded iliococcygeal cantholysis chloranthaceous bridleless bokom headbander Spartanlike nastaliq Bafyot opsisform superexist unidactyl hogback undonating techily,monotonously express splanchnodiastasis bathyseism manifestable tiza antarctical alliteral illustrious semirelief inveigh taperingly,6,http://db.uwaterloo.ca/~galuc/wsdbm/Review1336929,inversedly towhead shooler loft diploperistomic nodated Titoism Mustela,http://db.uwaterloo.ca/~galuc/wsdbm/User8103,6136530,http://db.uwaterloo.ca/~galuc/wsdbm/Language4
http://db.uwaterloo.ca/~galuc/wsdbm/Product131422,electroscopic countershade unretrievable unpromptly solecize recommitment abnegator posticous stowbordman gallivat ligament surrebut metantimonite frothsome ignivomous dentosurgical oversoftly depreciatively postrenal,pernitrate foggy unwan haygrower overdress astint woolen inefficiency carburetant undefinable reconform,11,http://db.uwaterloo.ca/~galuc/wsdbm/Review729009,coventrate unparalleledness disroost contabescence unscribbled preaccredit bromoketone disagio increscent quetenite blabber tibia antibiont dedendum bandaite Galeodidae piline Albertina fusilier quiddle unanimism arboriculture suprascapular houndsbane gatherer,7356585,http://db.uwaterloo.ca/~galuc/wsdbm/Product70075,http://db.uwaterloo.ca/~galuc/wsdbm/Language32
http://db.uwaterloo.ca/~galuc/wsdbm/Product131422,electroscopic countershade unretrievable unpromptly solecize recommitment abnegator posticous stowbordman gallivat ligament surrebut metantimonite frothsome ignivomous dentosurgical oversoftly depreciatively postrenal,pernitrate foggy unwan haygrower overdress astint woolen inefficiency carburetant undefinable reconform,11,http://db.uwaterloo.ca/~galuc/wsdbm/Review729009,coventrate unparalleledness disroost contabescence unscribbled preaccredit bromoketone disagio increscent quetenite blabber tibia antibiont dedendum bandaite Galeodidae piline Albertina fusilier quiddle unanimism arboriculture suprascapular houndsbane gatherer,7356585,http://db.uwaterloo.ca/~galuc/wsdbm/Product70075,http://db.uwaterloo.ca/~galuc/wsdbm/Language21
http://db.uwaterloo.ca/~galuc/wsdbm/Product131422,electroscopic countershade unretrievable unpromptly solecize recommitment abnegator posticous stowbordman gallivat ligament surrebut metantimonite frothsome ignivomous dentosurgical oversoftly depreciatively postrenal,pernitrate foggy unwan haygrower overdress astint woolen inefficiency carburetant undefinable reconform,11,http://db.uwaterloo.ca/~galuc/wsdbm/Review729009,coventrate unparalleledness disroost contabescence unscribbled preaccredit bromoketone disagio increscent quetenite blabber tibia antibiont dedendum bandaite Galeodidae piline Albertina fusilier quiddle unanimism arboriculture suprascapular houndsbane gatherer,7356585,http://db.uwaterloo.ca/~galuc/wsdbm/Product70075,http://db.uwaterloo.ca/~galuc/wsdbm/Language22
http://db.uwaterloo.ca/~galuc/wsdbm/Product191359,hypotrochoidal monopolizable saccharonate neo vesicant avail unutterableness precontribute disawa homoplasis Pycnodus stylography chivalrousness pteromalid demagoguery unspleenish Physocarpus handbreadth pamphletwise butane pulsational halesome Romulian samplery accrementition,744991,10,http://db.uwaterloo.ca/~galuc/wsdbm/Review309969,indefeasibly reputably polymorphy exosmotic unimprison Labiduridae ungentled bice phenanthrol freckled offhand pahmi Zaque vintage brainer,http://db.uwaterloo.ca/~galuc/wsdbm/User249706,http://db.uwaterloo.ca/~galuc/wsdbm/Product44357,http://db.uwaterloo.ca/~galuc/wsdbm/Language22
http://db.uwaterloo.ca/~galuc/wsdbm/Product191359,hypotrochoidal monopolizable saccharonate neo vesicant avail unutterableness precontribute disawa homoplasis Pycnodus stylography chivalrousness pteromalid demagoguery unspleenish Physocarpus handbreadth pamphletwise butane pulsational halesome Romulian samplery accrementition,744991,10,http://db.uwaterloo.ca/~galuc/wsdbm/Review309969,indefeasibly reputably polymorphy exosmotic unimprison Labiduridae ungentled bice phenanthrol freckled offhand pahmi Zaque vintage brainer,http://db.uwaterloo.ca/~galuc/wsdbm/User249706,http://db.uwaterloo.ca/~galuc/wsdbm/Product44357,http://db.uwaterloo.ca/~galuc/wsdbm/Language0
http://db.uwaterloo.ca/~galuc/wsdbm/Product108374,6609725,linguidental breadstuff directiveness featherweight phonographically Penelopean noncollapsible titlike thereunder suitcase anilla transmitter soricine slour,13,http://db.uwaterloo.ca/~galuc/wsdbm/Review699673,circummeridional incentively involatility,http://db.uwaterloo.ca/~galuc/wsdbm/User985589,http://db.uwaterloo.ca/~galuc/wsdbm/Product240603,http://db.uwaterloo.ca/~galuc/wsdbm/Language1
http://db.uwaterloo.ca/~galuc/wsdbm/Product248653,orohydrographical schoolgirlishly,Kanarese trivalvular amylolysis unblind unangular physiform corneosiliceous Newmanite irreligionize psychophysiologically castanet tervariant pelletlike adenine metaleptic thoughtlessness superceremonious preprovide fossilated superapology viscerous multiparous amphioxus flirtationless citronellol,16,http://db.uwaterloo.ca/~galuc/wsdbm/Review1085508,tubicolous politicomania hydroxide hammer piecing intercommune antonomastic unvoted intertropic fussiness tumidity preterience Caodaism lapidific converter prebrute hydrome reconceive angelicalness disgenius individualist slashingly scleroprotein incapsulate,http://db.uwaterloo.ca/~galuc/wsdbm/User529951,http://db.uwaterloo.ca/~galuc/wsdbm/Product147809,http://db.uwaterloo.ca/~galuc/wsdbm/Language28
http://db.uwaterloo.ca/~galuc/wsdbm/Product33209,sneeshing surrogate undersuck physicochemically stew exsomatic nontechnological domestication habitualness evocatively pendanting introinflection anchoretical porencephalon,Astur postfrontal morbidize puling vacuist backage cartography chatterbox rubrician galericulate Mediterraneanization theophany intertriginous illuminance orthic peerless prenotion,13,http://db.uwaterloo.ca/~galuc/wsdbm/Review292742,3456324,http://db.uwaterloo.ca/~galuc/wsdbm/User690352,http://db.uwaterloo.ca/~galuc/wsdbm/Product25489,http://db.uwaterloo.ca/~galuc/wsdbm/Language27
http://db.uwaterloo.ca/~galuc/wsdbm/Product33209,sneeshing surrogate undersuck physicochemically stew exsomatic nontechnological domestication habitualness evocatively pendanting introinflection anchoretical porencephalon,Astur postfrontal morbidize puling vacuist backage cartography chatterbox rubrician galericulate Mediterraneanization theophany intertriginous illuminance orthic peerless prenotion,13,http://db.uwaterloo.ca/~galuc/wsdbm/Review292742,3456324,http://db.uwaterloo.ca/~galuc/wsdbm/User690352,http://db.uwaterloo.ca/~galuc/wsdbm/Product25489,http://db.uwaterloo.ca/~galuc/wsdbm/Language11
http://db.uwaterloo.ca/~galuc/wsdbm/Product33209,sneeshing surrogate undersuck physicochemically stew exsomatic nontechnological domestication habitualness evocatively pendanting introinflection anchoretical porencephalon,Astur postfrontal morbidize puling vacuist backage cartography chatterbox rubrician galericulate Mediterraneanization theophany intertriginous illuminance orthic peerless prenotion,13,http://db.uwaterloo.ca/~galuc/wsdbm/Review292742,3456324,http://db.uwaterloo.ca/~galuc/wsdbm/User690352,http://db.uwaterloo.ca/~galuc/wsdbm/Product25489,http://db.uwaterloo.ca/~galuc/wsdbm/Language18
http://db.uwaterloo.ca/~galuc/wsdbm/Product33209,sneeshing surrogate undersuck physicochemically stew exsomatic nontechnological domestication habitualness evocatively pendanting introinflection anchoretical porencephalon,Astur postfrontal morbidize puling vacuist backage cartography chatterbox rubrician galericulate Mediterraneanization theophany intertriginous illuminance orthic peerless prenotion,13,http://db.uwaterloo.ca/~galuc/wsdbm/Review292742,3456324,http://db.uwaterloo.ca/~galuc/wsdbm/User690352,http://db.uwaterloo.ca/~galuc/wsdbm/Product25489,http://db.uwaterloo.ca/~galuc/wsdbm/Language0
http://db.uwaterloo.ca/~galuc/wsdbm/Product73324,Chauliodes overtill milksoppish gummiferous atmospherology subhirsute whaling sardine,incommunicative thereunto biacetylene heelball raffinate dak Garcinia neuronophagy nonburgage waterfall,17,http://db.uwaterloo.ca/~galuc/wsdbm/Review399489,Arhauaco Baya toparchia faldage Phthartolatrae petrotympanic dhak unhereditary impanate spindler,http://db.uwaterloo.ca/~galuc/wsdbm/User726867,http://db.uwaterloo.ca/~galuc/wsdbm/Product68315,http://db.uwaterloo.ca/~galuc/wsdbm/Language3
http://db.uwaterloo.ca/~galuc/wsdbm/Product43621,dorsoposteriad uncontriving vitameric pseudoconclude garnisheement arrogant implacably Nautiloidea rompishly itchreed monoureide colostomy falsifiable apocryphal semifuddle,scotcher demotist snuffingly sarcoplasmic riverward Phractamphibia ethnologist bruisewort polishable cardecu Melianthus appendiculated nonhistorical recompass forspeak moste rhinophore Schrebera psychagogue,8,http://db.uwaterloo.ca/~galuc/wsdbm/Review462445,transdialect uncaged coryphylly outpassion globulolysis inconvinced nemaline,6812660,3070948,http://db.uwaterloo.ca/~galuc/wsdbm/Language1
http://db.uwaterloo.ca/~galuc/wsdbm/Product43621,dorsoposteriad uncontriving vitameric pseudoconclude garnisheement arrogant implacably Nautiloidea rompishly itchreed monoureide colostomy falsifiable apocryphal semifuddle,scotcher demotist snuffingly sarcoplasmic riverward Phractamphibia ethnologist bruisewort polishable cardecu Melianthus appendiculated nonhistorical recompass forspeak moste rhinophore Schrebera psychagogue,8,http://db.uwaterloo.ca/~galuc/wsdbm/Review462445,transdialect uncaged coryphylly outpassion globulolysis inconvinced nemaline,6812660,3070948,http://db.uwaterloo.ca/~galuc/wsdbm/Language3
http://db.uwaterloo.ca/~galuc/wsdbm/Product43621,dorsoposteriad uncontriving vitameric pseudoconclude garnisheement arrogant implacably Nautiloidea rompishly itchreed monoureide colostomy falsifiable apocryphal semifuddle,scotcher demotist snuffingly sarcoplasmic riverward Phractamphibia ethnologist bruisewort polishable cardecu Melianthus appendiculated nonhistorical recompass forspeak moste rhinophore Schrebera psychagogue,8,http://db.uwaterloo.ca/~galuc/wsdbm/Review462445,transdialect uncaged coryphylly outpassion globulolysis inconvinced nemaline,6812660,3070948,http://db.uwaterloo.ca/~galuc/wsdbm/Language6
http://db.uwaterloo.ca/~galuc/wsdbm/Product43621,dorsoposteriad uncontriving vitameric pseudoconclude garnisheement arrogant implacably Nautiloidea rompishly itchreed monoureide colostomy falsifiable apocryphal semifuddle,scotcher demotist snuffingly sarcoplasmic riverward Phractamphibia ethnologist bruisewort polishable cardecu Melianthus appendiculated nonhistorical recompass forspeak moste rhinophore Schrebera psychagogue,8,http://db.uwaterloo.ca/~galuc/wsdbm/Review462445,transdialect uncaged coryphylly outpassion globulolysis inconvinced nemaline,6812660,3070948,http://db.uwaterloo.ca/~galuc/wsdbm/Language0
http://db.uwaterloo.ca/~galuc/wsdbm/Product184515,negrodom overfactious unrequitement beresite whiba,scorn drink sulphantimonious password Megarensian,18,http://db.uwaterloo.ca/~galuc/wsdbm/Review1017187,windiness unadvertising holotonic shelterlessness slicker plaidie mesopodium,http://db.uwaterloo.ca/~galuc/wsdbm/User410932,http://db.uwaterloo.ca/~galuc/wsdbm/Product247289,http://db.uwaterloo.ca/~galuc/wsdbm/Language2
http://db.uwaterloo.ca/~galuc/wsdbm/Product184515,negrodom overfactious unrequitement beresite whiba,scorn drink sulphantimonious password Megarensian,18,http://db.uwaterloo.ca/~galuc/wsdbm/Review1017187,windiness unadvertising holotonic shelterlessness slicker plaidie mesopodium,http://db.uwaterloo.ca/~galuc/wsdbm/User410932,http://db.uwaterloo.ca/~galuc/wsdbm/Product247289,http://db.uwaterloo.ca/~galuc/wsdbm/Language4
http://db.uwaterloo.ca/~galuc/wsdbm/Product184515,negrodom overfactious unrequitement beresite whiba,scorn drink sulphantimonious password Megarensian,18,http://db.uwaterloo.ca/~galuc/wsdbm/Review1017187,windiness unadvertising holotonic shelterlessness slicker plaidie mesopodium,http://db.uwaterloo.ca/~galuc/wsdbm/User410932,http://db.uwaterloo.ca/~galuc/wsdbm/Product247289,http://db.uwaterloo.ca/~galuc/wsdbm/Language16
http://db.uwaterloo.ca/~galuc/wsdbm/Product184515,negrodom overfactious unrequitement beresite whiba,scorn drink sulphantimonious password Megarensian,18,http://db.uwaterloo.ca/~galuc/wsdbm/Review1017187,windiness unadvertising holotonic shelterlessness slicker plaidie mesopodium,http://db.uwaterloo.ca/~galuc/wsdbm/User410932,http://db.uwaterloo.ca/~galuc/wsdbm/Product247289,http://db.uwaterloo.ca/~galuc/wsdbm/Language0
3693525,metrostaxis antithesism benzazide placer Cyrillic Dedan osteomanty Tytonidae thickheadedly profitability triplicative grasswards dripstick Verrucaria,insolvable wrencher infractible behooped anthrol incrassate buskined unshrouded scatology prelegislative lawsuiting antihunting equites lophiid pennae spirillotropic prigdom deepwaterman sulfohydrate Fitzclarence cabalistic uninterlaced unartificial ulemorrhagia,13,http://db.uwaterloo.ca/~galuc/wsdbm/Review676680,calicular Hibernize disentangle lemon drapping versemanship alloxantin scyphomancy guffaw waterwort,http://db.uwaterloo.ca/~galuc/wsdbm/User461613,http://db.uwaterloo.ca/~galuc/wsdbm/Product130804,http://db.uwaterloo.ca/~galuc/wsdbm/Language1
3693525,metrostaxis antithesism benzazide placer Cyrillic Dedan osteomanty Tytonidae thickheadedly profitability triplicative grasswards dripstick Verrucaria,insolvable wrencher infractible behooped anthrol incrassate buskined unshrouded scatology prelegislative lawsuiting antihunting equites lophiid pennae spirillotropic prigdom deepwaterman sulfohydrate Fitzclarence cabalistic uninterlaced unartificial ulemorrhagia,13,http://db.uwaterloo.ca/~galuc/wsdbm/Review676680,calicular Hibernize disentangle lemon drapping versemanship alloxantin scyphomancy guffaw waterwort,http://db.uwaterloo.ca/~galuc/wsdbm/User461613,http://db.uwaterloo.ca/~galuc/wsdbm/Product130804,8235514
3693525,metrostaxis antithesism benzazide placer Cyrillic Dedan osteomanty Tytonidae thickheadedly profitability triplicative grasswards dripstick Verrucaria,insolvable wrencher infractible behooped anthrol incrassate buskined unshrouded scatology prelegislative lawsuiting antihunting equites lophiid pennae spirillotropic prigdom deepwaterman sulfohydrate Fitzclarence cabalistic uninterlaced unartificial ulemorrhagia,13,http://db.uwaterloo.ca/~galuc/wsdbm/Review676680,calicular Hibernize disentangle lemon drapping versemanship alloxantin scyphomancy guffaw waterwort,http://db.uwaterloo.ca/~galuc/wsdbm/User461613,http://db.uwaterloo.ca/~galuc/wsdbm/Product130804,http://db.uwaterloo.ca/~galuc/wsdbm/Language26
http://db.uwaterloo.ca/~galuc/wsdbm/Product211994,cystotrachelotomy callitrichaceous seborrhagia intorsion campimetrical chronosemic unmaze harebrainedness uncommunicableness isoelemicin unpartizan frowzled purdah scrutinant monumentalize polythionic ajava hardenite phrenomagnetism regress greaseless alo undeniably,Oreophasinae atterminal Triton microscopize albuminometer discerpibility parallelism uncurrentness mammalogy telecast synagogal commentarialism Scleranthus pharmacological,15,http://db.uwaterloo.ca/~galuc/wsdbm/Review570005,precartilaginous Tauroctonus sopping crystallochemical amastia hacksaw epigone Tates pulper carnosity autoxidation supercarpal ancestrian calcaneotibial relodge federacy uprighteously divisionary dechlorination,http://db.uwaterloo.ca/~galuc/wsdbm/User414114,http://db.uwaterloo.ca/~galuc/wsdbm/Product204950,http://db.uwaterloo.ca/~galuc/wsdbm/Language1
http://db.uwaterloo.ca/~galuc/wsdbm/Product211994,cystotrachelotomy callitrichaceous seborrhagia intorsion campimetrical chronosemic unmaze harebrainedness uncommunicableness isoelemicin unpartizan frowzled purdah scrutinant monumentalize polythionic ajava hardenite phrenomagnetism regress greaseless alo undeniably,Oreophasinae atterminal Triton microscopize albuminometer discerpibility parallelism uncurrentness mammalogy telecast synagogal commentarialism Scleranthus pharmacological,15,http://db.uwaterloo.ca/~galuc/wsdbm/Review570005,precartilaginous Tauroctonus sopping crystallochemical amastia hacksaw epigone Tates pulper carnosity autoxidation supercarpal ancestrian calcaneotibial relodge federacy uprighteously divisionary dechlorination,http://db.uwaterloo.ca/~galuc/wsdbm/User414114,http://db.uwaterloo.ca/~galuc/wsdbm/Product204950,http://db.uwaterloo.ca/~galuc/wsdbm/Language3
http://db.uwaterloo.ca/~galuc/wsdbm/Product211994,cystotrachelotomy callitrichaceous seborrhagia intorsion campimetrical chronosemic unmaze harebrainedness uncommunicableness isoelemicin unpartizan frowzled purdah scrutinant monumentalize polythionic ajava hardenite phrenomagnetism regress greaseless alo undeniably,Oreophasinae atterminal Triton microscopize albuminometer discerpibility parallelism uncurrentness mammalogy telecast synagogal commentarialism Scleranthus pharmacological,15,http://db.uwaterloo.ca/~galuc/wsdbm/Review570005,precartilaginous Tauroctonus sopping crystallochemical amastia hacksaw epigone Tates pulper carnosity autoxidation supercarpal ancestrian calcaneotibial relodge federacy uprighteously divisionary dechlorination,http://db.uwaterloo.ca/~galuc/wsdbm/User414114,http://db.uwaterloo.ca/~galuc/wsdbm/Product204950,http://db.uwaterloo.ca/~galuc/wsdbm/Language29
3517614,encurl ileocolic urging packstaff candiru soldierbird neurohypnology uncommensurable diffusive consuetitude hitch spirogram bubblish selenodont chromolipoid spheric Kurku unholily finesse spume Maskegon hormonic,highboy dioestrum Sphacelaria Luchuan fleshings pervert calcareousness anhalonine,10,http://db.uwaterloo.ca/~galuc/wsdbm/Review183620,chiefess protomeristem caroba cavicorn histamine rhabdomancer contestation haploperistomous louey,http://db.uwaterloo.ca/~galuc/wsdbm/User586820,http://db.uwaterloo.ca/~galuc/wsdbm/Product8976,http://db.uwaterloo.ca/~galuc/wsdbm/Language1
3517614,encurl ileocolic urging packstaff candiru soldierbird neurohypnology uncommensurable diffusive consuetitude hitch spirogram bubblish selenodont chromolipoid spheric Kurku unholily finesse spume Maskegon hormonic,highboy dioestrum Sphacelaria Luchuan fleshings pervert calcareousness anhalonine,10,http://db.uwaterloo.ca/~galuc/wsdbm/Review183620,chiefess protomeristem caroba cavicorn histamine rhabdomancer contestation haploperistomous louey,http://db.uwaterloo.ca/~galuc/wsdbm/User586820,http://db.uwaterloo.ca/~galuc/wsdbm/Product8976,http://db.uwaterloo.ca/~galuc/wsdbm/Language3
3517614,encurl ileocolic urging packstaff candiru soldierbird neurohypnology uncommensurable diffusive consuetitude hitch spirogram bubblish selenodont chromolipoid spheric Kurku unholily finesse spume Maskegon hormonic,highboy dioestrum Sphacelaria Luchuan fleshings pervert calcareousness anhalonine,10,http://db.uwaterloo.ca/~galuc/wsdbm/Review183620,chiefess protomeristem caroba cavicorn histamine rhabdomancer contestation haploperistomous louey,http://db.uwaterloo.ca/~galuc/wsdbm/User586820,http://db.uwaterloo.ca/~galuc/wsdbm/Product203899,http://db.uwaterloo.ca/~galuc/wsdbm/Language5
http://db.uwaterloo.ca/~galuc/wsdbm/Product105541,6998521,8231419,12,http://db.uwaterloo.ca/~galuc/wsdbm/Review450965,paramine overpotent Tanala Gobiidae,http://db.uwaterloo.ca/~galuc/wsdbm/User329802,http://db.uwaterloo.ca/~galuc/wsdbm/Product26390,http://db.uwaterloo.ca/~galuc/wsdbm/Language34
http://db.uwaterloo.ca/~galuc/wsdbm/Product105541,6998521,8231419,12,http://db.uwaterloo.ca/~galuc/wsdbm/Review450965,paramine overpotent Tanala Gobiidae,http://db.uwaterloo.ca/~galuc/wsdbm/User329802,http://db.uwaterloo.ca/~galuc/wsdbm/Product26390,http://db.uwaterloo.ca/~galuc/wsdbm/Language5
http://db.uwaterloo.ca/~galuc/wsdbm/Product105541,6998521,8231419,12,http://db.uwaterloo.ca/~galuc/wsdbm/Review450965,paramine overpotent Tanala Gobiidae,http://db.uwaterloo.ca/~galuc/wsdbm/User329802,http://db.uwaterloo.ca/~galuc/wsdbm/Product26390,http://db.uwaterloo.ca/~galuc/wsdbm/Language0
http://db.uwaterloo.ca/~galuc/wsdbm/Product131422,electroscopic countershade unretrievable unpromptly solecize recommitment abnegator posticous stowbordman gallivat ligament surrebut metantimonite frothsome ignivomous dentosurgical oversoftly depreciatively postrenal,pernitrate foggy unwan haygrower overdress astint woolen inefficiency carburetant undefinable reconform,11,http://db.uwaterloo.ca/~galuc/wsdbm/Review394305,waypost,http://db.uwaterloo.ca/~galuc/wsdbm/User360102,http://db.uwaterloo.ca/~galuc/wsdbm/Product115566,http://db.uwaterloo.ca/~galuc/wsdbm/Language2
http://db.uwaterloo.ca/~galuc/wsdbm/Product131422,electroscopic countershade unretrievable unpromptly solecize recommitment abnegator posticous stowbordman gallivat ligament surrebut metantimonite frothsome ignivomous dentosurgical oversoftly depreciatively postrenal,pernitrate foggy unwan haygrower overdress astint woolen inefficiency carburetant undefinable reconform,11,http://db.uwaterloo.ca/~galuc/wsdbm/Review394305,waypost,http://db.uwaterloo.ca/~galuc/wsdbm/User360102,http://db.uwaterloo.ca/~galuc/wsdbm/Product115566,http://db.uwaterloo.ca/~galuc/wsdbm/Language4
http://db.uwaterloo.ca/~galuc/wsdbm/Product131422,electroscopic countershade unretrievable unpromptly solecize recommitment abnegator posticous stowbordman gallivat ligament surrebut metantimonite frothsome ignivomous dentosurgical oversoftly depreciatively postrenal,pernitrate foggy unwan haygrower overdress astint woolen inefficiency carburetant undefinable reconform,11,http://db.uwaterloo.ca/~galuc/wsdbm/Review394305,waypost,http://db.uwaterloo.ca/~galuc/wsdbm/User360102,http://db.uwaterloo.ca/~galuc/wsdbm/Product115566,6959736
http://db.uwaterloo.ca/~galuc/wsdbm/Product209580,undecorated warmer totalizator predespondency salmis horokaka argumentatory francisc unsatyrlike lactean cubitocutaneous porphyrogeniture prosaicalness nyctitropism genuflector,orchidorrhaphy extravisceral crocus Anaxonia Rhoecus petticoaterie forme cadmiferous unimpressionable antislaveryism unconceited parodistically Paris subimbricate ungratifiable unroofing lithophytic Acieral pseudoantique,16,http://db.uwaterloo.ca/~galuc/wsdbm/Review1073188,purple infiltration sanatory psychograph maximal strainslip globed Chalybes sailable profanableness scorch prosethmoid acariasis banda electroosmotic reattentive slotter decametre lancewood squiress poetics,http://db.uwaterloo.ca/~galuc/wsdbm/User399968,http://db.uwaterloo.ca/~galuc/wsdbm/Product245075,2540947
http://db.uwaterloo.ca/~galuc/wsdbm/Product209580,undecorated warmer totalizator predespondency salmis horokaka argumentatory francisc unsatyrlike lactean cubitocutaneous porphyrogeniture prosaicalness nyctitropism genuflector,orchidorrhaphy extravisceral crocus Anaxonia Rhoecus petticoaterie forme cadmiferous unimpressionable antislaveryism unconceited parodistically Paris subimbricate ungratifiable unroofing lithophytic Acieral pseudoantique,16,http://db.uwaterloo.ca/~galuc/wsdbm/Review1073188,purple infiltration sanatory psychograph maximal strainslip globed Chalybes sailable profanableness scorch prosethmoid acariasis banda electroosmotic reattentive slotter decametre lancewood squiress poetics,http://db.uwaterloo.ca/~galuc/wsdbm/User399968,http://db.uwaterloo.ca/~galuc/wsdbm/Product245075,http://db.uwaterloo.ca/~galuc/wsdbm/Language3
http://db.uwaterloo.ca/~galuc/wsdbm/Product110813,peplos smoothbore Striginae cogitability semidomesticated heterostylism inhabitability squeezy Randia hominine sorage embay nudge talao demonologer,unflanked scurvyweed avoider dullardism vernacle elemental homegoer interstapedial pseudohalogen predate templeful garnerage upperch almacigo beshag foldless profiler unsophistical aerophone introject Saxish,12,http://db.uwaterloo.ca/~galuc/wsdbm/Review486913,protomagnesium governmentish decumbently ureterography azophenine xylophagous Eleutheria halve actless plenipotent bristlelike histomorphology trounce encloister platyrrhine uneagerness,http://db.uwaterloo.ca/~galuc/wsdbm/User9523,http://db.uwaterloo.ca/~galuc/wsdbm/Product204170,http://db.uwaterloo.ca/~galuc/wsdbm/Language27
http://db.uwaterloo.ca/~galuc/wsdbm/Product110813,peplos smoothbore Striginae cogitability semidomesticated heterostylism inhabitability squeezy Randia hominine sorage embay nudge talao demonologer,unflanked scurvyweed avoider dullardism vernacle elemental homegoer interstapedial pseudohalogen predate templeful garnerage upperch almacigo beshag foldless profiler unsophistical aerophone introject Saxish,12,http://db.uwaterloo.ca/~galuc/wsdbm/Review486913,protomagnesium governmentish decumbently ureterography azophenine xylophagous Eleutheria halve actless plenipotent bristlelike histomorphology trounce encloister platyrrhine uneagerness,http://db.uwaterloo.ca/~galuc/wsdbm/User9523,http://db.uwaterloo.ca/~galuc/wsdbm/Product204170,5302132
http://db.uwaterloo.ca/~galuc/wsdbm/Product110813,peplos smoothbore Striginae cogitability semidomesticated heterostylism inhabitability squeezy Randia hominine sorage embay nudge talao demonologer,unflanked scurvyweed avoider dullardism vernacle elemental homegoer interstapedial pseudohalogen predate templeful garnerage upperch almacigo beshag foldless profiler unsophistical aerophone introject Saxish,12,http://db.uwaterloo.ca/~galuc/wsdbm/Review486913,protomagnesium governmentish decumbently ureterography azophenine xylophagous Eleutheria halve actless plenipotent bristlelike histomorphology trounce encloister platyrrhine uneagerness,http://db.uwaterloo.ca/~galuc/wsdbm/User9523,http://db.uwaterloo.ca/~galuc/wsdbm/Product204170,http://db.uwaterloo.ca/~galuc/wsdbm/Language14
http://db.uwaterloo.ca/~galuc/wsdbm/Product110813,peplos smoothbore Striginae cogitability semidomesticated heterostylism inhabitability squeezy Randia hominine sorage embay nudge talao demonologer,unflanked scurvyweed avoider dullardism vernacle elemental homegoer interstapedial pseudohalogen predate templeful garnerage upperch almacigo beshag foldless profiler unsophistical aerophone introject Saxish,12,http://db.uwaterloo.ca/~galuc/wsdbm/Review486913,protomagnesium governmentish decumbently ureterography azophenine xylophagous Eleutheria halve actless plenipotent bristlelike histomorphology trounce encloister platyrrhine uneagerness,http://db.uwaterloo.ca/~galuc/wsdbm/User9523,http://db.uwaterloo.ca/~galuc/wsdbm/Product204170,8235514
http://db.uwaterloo.ca/~galuc/wsdbm/Product84136,1617688,2331766,7,http://db.uwaterloo.ca/~galuc/wsdbm/Review189103,lymphocytotic bagnut,http://db.uwaterloo.ca/~galuc/wsdbm/User276993,http://db.uwaterloo.ca/~galuc/wsdbm/Product25733,http://db.uwaterloo.ca/~galuc/wsdbm/Language3
http://db.uwaterloo.ca/~galuc/wsdbm/Product27087,adenomyxosarcoma citer Wakore mottledness pleuritical proscribable hydrobromic blarneyer rattlebones musketoon paragnathism decoagulation rhabdophoran hooksmith ampollosity rauk Sopheric maximistic engraver malattress nonslipping,correligionist enfranchisement copyrighter Hohenzollern turkey widdendream avian bewilderedness monogenesis coshery renewer megaseism cyclism kitter quot,8,http://db.uwaterloo.ca/~galuc/wsdbm/Review982460,phonotype Ulophocinae Drepanidae nepheloid eudaemony toluate misogynic unperch slubby overconsumption dustuck enginery pneumology microporosity,http://db.uwaterloo.ca/~galuc/wsdbm/User43444,http://db.uwaterloo.ca/~galuc/wsdbm/Product41401,http://db.uwaterloo.ca/~galuc/wsdbm/Language27
http://db.uwaterloo.ca/~galuc/wsdbm/Product27087,adenomyxosarcoma citer Wakore mottledness pleuritical proscribable hydrobromic blarneyer rattlebones musketoon paragnathism decoagulation rhabdophoran hooksmith ampollosity rauk Sopheric maximistic engraver malattress nonslipping,correligionist enfranchisement copyrighter Hohenzollern turkey widdendream avian bewilderedness monogenesis coshery renewer megaseism cyclism kitter quot,8,http://db.uwaterloo.ca/~galuc/wsdbm/Review982460,phonotype Ulophocinae Drepanidae nepheloid eudaemony toluate misogynic unperch slubby overconsumption dustuck enginery pneumology microporosity,http://db.uwaterloo.ca/~galuc/wsdbm/User43444,http://db.uwaterloo.ca/~galuc/wsdbm/Product41401,http://db.uwaterloo.ca/~galuc/wsdbm/Language3
http://db.uwaterloo.ca/~galuc/wsdbm/Product27087,adenomyxosarcoma citer Wakore mottledness pleuritical proscribable hydrobromic blarneyer rattlebones musketoon paragnathism decoagulation rhabdophoran hooksmith ampollosity rauk Sopheric maximistic engraver malattress nonslipping,correligionist enfranchisement copyrighter Hohenzollern turkey widdendream avian bewilderedness monogenesis coshery renewer megaseism cyclism kitter quot,8,http://db.uwaterloo.ca/~galuc/wsdbm/Review982460,phonotype Ulophocinae Drepanidae nepheloid eudaemony toluate misogynic unperch slubby overconsumption dustuck enginery pneumology microporosity,http://db.uwaterloo.ca/~galuc/wsdbm/User43444,http://db.uwaterloo.ca/~galuc/wsdbm/Product41401,http://db.uwaterloo.ca/~galuc/wsdbm/Language6
http://db.uwaterloo.ca/~galuc/wsdbm/Product27087,adenomyxosarcoma citer Wakore mottledness pleuritical proscribable hydrobromic blarneyer rattlebones musketoon paragnathism decoagulation rhabdophoran hooksmith ampollosity rauk Sopheric maximistic engraver malattress nonslipping,correligionist enfranchisement copyrighter Hohenzollern turkey widdendream avian bewilderedness monogenesis coshery renewer megaseism cyclism kitter quot,8,http://db.uwaterloo.ca/~galuc/wsdbm/Review982460,phonotype Ulophocinae Drepanidae nepheloid eudaemony toluate misogynic unperch slubby overconsumption dustuck enginery pneumology microporosity,http://db.uwaterloo.ca/~galuc/wsdbm/User43444,http://db.uwaterloo.ca/~galuc/wsdbm/Product41401,http://db.uwaterloo.ca/~galuc/wsdbm/Language0
http://db.uwaterloo.ca/~galuc/wsdbm/Product246627,infrigidation Didinium semijealousy stipes Caricaceae Samogitian resilement redissolution assessorship overdiversely conidiospore reshipment thread arendalite moha beaverish Asaph flavoring hypermeter pharyngitis Spaniardo mericarp,5743192,16,http://db.uwaterloo.ca/~galuc/wsdbm/Review414656,nondeportation antipatharian overshave hebdomary bielenite sudden trump,7252795,http://db.uwaterloo.ca/~galuc/wsdbm/Product179171,5302132
http://db.uwaterloo.ca/~galuc/wsdbm/Product246627,infrigidation Didinium semijealousy stipes Caricaceae Samogitian resilement redissolution assessorship overdiversely conidiospore reshipment thread arendalite moha beaverish Asaph flavoring hypermeter pharyngitis Spaniardo mericarp,5743192,16,http://db.uwaterloo.ca/~galuc/wsdbm/Review414656,nondeportation antipatharian overshave hebdomary bielenite sudden trump,7252795,http://db.uwaterloo.ca/~galuc/wsdbm/Product179171,http://db.uwaterloo.ca/~galuc/wsdbm/Language3
http://db.uwaterloo.ca/~galuc/wsdbm/Product246627,infrigidation Didinium semijealousy stipes Caricaceae Samogitian resilement redissolution assessorship overdiversely conidiospore reshipment thread arendalite moha beaverish Asaph flavoring hypermeter pharyngitis Spaniardo mericarp,5743192,16,http://db.uwaterloo.ca/~galuc/wsdbm/Review414656,nondeportation antipatharian overshave hebdomary bielenite sudden trump,7252795,http://db.uwaterloo.ca/~galuc/wsdbm/Product179171,http://db.uwaterloo.ca/~galuc/wsdbm/Language17
http://db.uwaterloo.ca/~galuc/wsdbm/Product249969,pageful crantara heterandrous imprisonment upstander cotrustee Hellenic diamagnetically fiedlerite pignoration invitable Frenchless graftage Mephistophelean Theligonum Krishnaism macromastia rebel buttonbush homodrome sympathetical,wackiness interfluve revictory Porokoto chemicoluminescence slugging pseudomedical stabwort gabardine albify numerous,16,http://db.uwaterloo.ca/~galuc/wsdbm/Review229619,scandalmonger prevalidity choanocytal holystone Pleuracanthus candle unspouselike crossable sciolist sorcer bignoniad protorthopterous,http://db.uwaterloo.ca/~galuc/wsdbm/User268461,http://db.uwaterloo.ca/~galuc/wsdbm/Product109429,http://db.uwaterloo.ca/~galuc/wsdbm/Language33
http://db.uwaterloo.ca/~galuc/wsdbm/Product249969,pageful crantara heterandrous imprisonment upstander cotrustee Hellenic diamagnetically fiedlerite pignoration invitable Frenchless graftage Mephistophelean Theligonum Krishnaism macromastia rebel buttonbush homodrome sympathetical,wackiness interfluve revictory Porokoto chemicoluminescence slugging pseudomedical stabwort gabardine albify numerous,16,http://db.uwaterloo.ca/~galuc/wsdbm/Review229619,scandalmonger prevalidity choanocytal holystone Pleuracanthus candle unspouselike crossable sciolist sorcer bignoniad protorthopterous,http://db.uwaterloo.ca/~galuc/wsdbm/User268461,http://db.uwaterloo.ca/~galuc/wsdbm/Product109429,http://db.uwaterloo.ca/~galuc/wsdbm/Language4
http://db.uwaterloo.ca/~galuc/wsdbm/Product249969,pageful crantara heterandrous imprisonment upstander cotrustee Hellenic diamagnetically fiedlerite pignoration invitable Frenchless graftage Mephistophelean Theligonum Krishnaism macromastia rebel buttonbush homodrome sympathetical,wackiness interfluve revictory Porokoto chemicoluminescence slugging pseudomedical stabwort gabardine albify numerous,16,http://db.uwaterloo.ca/~galuc/wsdbm/Review229619,scandalmonger prevalidity choanocytal holystone Pleuracanthus candle unspouselike crossable sciolist sorcer bignoniad protorthopterous,http://db.uwaterloo.ca/~galuc/wsdbm/User268461,http://db.uwaterloo.ca/~galuc/wsdbm/Product109429,http://db.uwaterloo.ca/~galuc/wsdbm/Language0
http://db.uwaterloo.ca/~galuc/wsdbm/Product161346,immit Lapithaean huiscoyol overscrupulousness tolguacha scyphostoma alcove Baptanodon overcarefully paucispirated Zaparan pollack patagiate daughterhood ahind mistressless sumptuary Lemaireocereus tutorize Mosaicity macaco shakers,chakravartin connarite inexplicable nonstretchy opulent tribeswoman phytobiological vaporously dotingly conubium autolesion grinningly psychoanalyzer latirostrous electrowin elfish undropped workaday curvilinearity broomstick howe anticoagulin,15,http://db.uwaterloo.ca/~galuc/wsdbm/Review863142,quinzieme pregain tig parlor asternal unstopple autoplastic Siliquaria swelteringly threaden panapospory yelt splenius skitty antifeminist drillman breakable gobline Spartacide Lyonetiidae whiteback sideronym,5751180,http://db.uwaterloo.ca/~galuc/wsdbm/Product94299,http://db.uwaterloo.ca/~galuc/wsdbm/Language1
http://db.uwaterloo.ca/~galuc/wsdbm/Product161346,immit Lapithaean huiscoyol overscrupulousness tolguacha scyphostoma alcove Baptanodon overcarefully paucispirated Zaparan pollack patagiate daughterhood ahind mistressless sumptuary Lemaireocereus tutorize Mosaicity macaco shakers,chakravartin connarite inexplicable nonstretchy opulent tribeswoman phytobiological vaporously dotingly conubium autolesion grinningly psychoanalyzer latirostrous electrowin elfish undropped workaday curvilinearity broomstick howe anticoagulin,15,http://db.uwaterloo.ca/~galuc/wsdbm/Review863142,quinzieme pregain tig parlor asternal unstopple autoplastic Siliquaria swelteringly threaden panapospory yelt splenius skitty antifeminist drillman breakable gobline Spartacide Lyonetiidae whiteback sideronym,5751180,http://db.uwaterloo.ca/~galuc/wsdbm/Product94299,http://db.uwaterloo.ca/~galuc/wsdbm/Language16
http://db.uwaterloo.ca/~galuc/wsdbm/Product217517,uncorroded Iloko snipebill lyophobe millstream chocard hemopneumothorax,fingerprint misogynic Osiandrian intersqueeze subjectivistic langaha timelessness manipulatory Tentaculata Claude sterlingness phrenesis protomeritic afwillite dunfish moriform soprani,16,http://db.uwaterloo.ca/~galuc/wsdbm/Review1137647,pearl Doliidae Icosteus voiceful invigoration cleruchic coelomic,http://db.uwaterloo.ca/~galuc/wsdbm/User607034,http://db.uwaterloo.ca/~galuc/wsdbm/Product232582,http://db.uwaterloo.ca/~galuc/wsdbm/Language3
http://db.uwaterloo.ca/~galuc/wsdbm/Product217517,uncorroded Iloko snipebill lyophobe millstream chocard hemopneumothorax,fingerprint misogynic Osiandrian intersqueeze subjectivistic langaha timelessness manipulatory Tentaculata Claude sterlingness phrenesis protomeritic afwillite dunfish moriform soprani,16,http://db.uwaterloo.ca/~galuc/wsdbm/Review1137647,pearl Doliidae Icosteus voiceful invigoration cleruchic coelomic,http://db.uwaterloo.ca/~galuc/wsdbm/User607034,http://db.uwaterloo.ca/~galuc/wsdbm/Product232582,http://db.uwaterloo.ca/~galuc/wsdbm/Language23
http://db.uwaterloo.ca/~galuc/wsdbm/Product217517,uncorroded Iloko snipebill lyophobe millstream chocard hemopneumothorax,fingerprint misogynic Osiandrian intersqueeze subjectivistic langaha timelessness manipulatory Tentaculata Claude sterlingness phrenesis protomeritic afwillite dunfish moriform soprani,16,http://db.uwaterloo.ca/~galuc/wsdbm/Review1137647,pearl Doliidae Icosteus voiceful invigoration cleruchic coelomic,http://db.uwaterloo.ca/~galuc/wsdbm/User607034,http://db.uwaterloo.ca/~galuc/wsdbm/Product232582,http://db.uwaterloo.ca/~galuc/wsdbm/Language26
http://db.uwaterloo.ca/~galuc/wsdbm/Product150405,rerent prelogical parasphenoidal polyspore crayonist idiographic trode ctenolium Aramidae hendecasyllable heterozygosity Garrisonism Basilidianism,floppily nonaspiring cryable cockmaster refluent untrim,14,http://db.uwaterloo.ca/~galuc/wsdbm/Review550273,Monopneumoa bifidity taxor protoblast superroyal verseless mesode silicifluoric monoculous undiamonded salination canzonet brakeload communalizer oii nonregimented witchleaf undelegated varanid precombatant,http://db.uwaterloo.ca/~galuc/wsdbm/User244699,http://db.uwaterloo.ca/~galuc/wsdbm/Product94673,http://db.uwaterloo.ca/~galuc/wsdbm/Language2
http://db.uwaterloo.ca/~galuc/wsdbm/Product150405,rerent prelogical parasphenoidal polyspore crayonist idiographic trode ctenolium Aramidae hendecasyllable heterozygosity Garrisonism Basilidianism,floppily nonaspiring cryable cockmaster refluent untrim,14,http://db.uwaterloo.ca/~galuc/wsdbm/Review550273,Monopneumoa bifidity taxor protoblast superroyal verseless mesode silicifluoric monoculous undiamonded salination canzonet brakeload communalizer oii nonregimented witchleaf undelegated varanid precombatant,http://db.uwaterloo.ca/~galuc/wsdbm/User244699,http://db.uwaterloo.ca/~galuc/wsdbm/Product94673,http://db.uwaterloo.ca/~galuc/wsdbm/Language0
http://db.uwaterloo.ca/~galuc/wsdbm/Product226138,omnisufficiency Lapith abandonable,Ueueteotl famously colorin,10,http://db.uwaterloo.ca/~galuc/wsdbm/Review1106206,bungaloid astheny preachily nonferrous durance scintling unresultive inadvertency Saba unvolcanic nondiocesan rach dinnerless hopperdozer pulpitism unpolemically Hydrangea prefiller overtinseled apprehensibility mastiche geelbec,http://db.uwaterloo.ca/~galuc/wsdbm/User877230,http://db.uwaterloo.ca/~galuc/wsdbm/Product98949,http://db.uwaterloo.ca/~galuc/wsdbm/Language1
http://db.uwaterloo.ca/~galuc/wsdbm/Product226138,omnisufficiency Lapith abandonable,Ueueteotl famously colorin,10,http://db.uwaterloo.ca/~galuc/wsdbm/Review1106206,bungaloid astheny preachily nonferrous durance scintling unresultive inadvertency Saba unvolcanic nondiocesan rach dinnerless hopperdozer pulpitism unpolemically Hydrangea prefiller overtinseled apprehensibility mastiche geelbec,http://db.uwaterloo.ca/~galuc/wsdbm/User877230,http://db.uwaterloo.ca/~galuc/wsdbm/Product98949,http://db.uwaterloo.ca/~galuc/wsdbm/Language5
http://db.uwaterloo.ca/~galuc/wsdbm/Product226138,omnisufficiency Lapith abandonable,Ueueteotl famously colorin,10,http://db.uwaterloo.ca/~galuc/wsdbm/Review1106206,bungaloid astheny preachily nonferrous durance scintling unresultive inadvertency Saba unvolcanic nondiocesan rach dinnerless hopperdozer pulpitism unpolemically Hydrangea prefiller overtinseled apprehensibility mastiche geelbec,http://db.uwaterloo.ca/~galuc/wsdbm/User877230,http://db.uwaterloo.ca/~galuc/wsdbm/Product98949,http://db.uwaterloo.ca/~galuc/wsdbm/Language0
http://db.uwaterloo.ca/~galuc/wsdbm/Product241765,brachystochrone fural Protohemiptera primitively unstupefied belomancy irregulated lipide lamentableness Adventism monogonoporic Cryptostegia wanderlustful,detent parathyroid fluate inexplicability skegger eriophyllous posterish glutenous eyewash coracohumeral neotype persico doab spooning leucotome,10,http://db.uwaterloo.ca/~galuc/wsdbm/Review921949,etypical longirostral Cyrenaic plasmotomy henwoodite petit commence mortuous pantometric croakily Nicholas problemwise chedlock vagrate blender nonrotative pamphletic nariform hymnology funambulate bavoso veniplex,http://db.uwaterloo.ca/~galuc/wsdbm/User297541,8914040,http://db.uwaterloo.ca/~galuc/wsdbm/Language1
http://db.uwaterloo.ca/~galuc/wsdbm/Product241765,brachystochrone fural Protohemiptera primitively unstupefied belomancy irregulated lipide lamentableness Adventism monogonoporic Cryptostegia wanderlustful,detent parathyroid fluate inexplicability skegger eriophyllous posterish glutenous eyewash coracohumeral neotype persico doab spooning leucotome,10,http://db.uwaterloo.ca/~galuc/wsdbm/Review921949,etypical longirostral Cyrenaic plasmotomy henwoodite petit commence mortuous pantometric croakily Nicholas problemwise chedlock vagrate blender nonrotative pamphletic nariform hymnology funambulate bavoso veniplex,http://db.uwaterloo.ca/~galuc/wsdbm/User297541,8914040,http://db.uwaterloo.ca/~galuc/wsdbm/Language27
http://db.uwaterloo.ca/~galuc/wsdbm/Product241765,brachystochrone fural Protohemiptera primitively unstupefied belomancy irregulated lipide lamentableness Adventism monogonoporic Cryptostegia wanderlustful,detent parathyroid fluate inexplicability skegger eriophyllous posterish glutenous eyewash coracohumeral neotype persico doab spooning leucotome,10,http://db.uwaterloo.ca/~galuc/wsdbm/Review921949,etypical longirostral Cyrenaic plasmotomy henwoodite petit commence mortuous pantometric croakily Nicholas problemwise chedlock vagrate blender nonrotative pamphletic nariform hymnology funambulate bavoso veniplex,http://db.uwaterloo.ca/~galuc/wsdbm/User297541,8914040,http://db.uwaterloo.ca/~galuc/wsdbm/Language16
http://db.uwaterloo.ca/~galuc/wsdbm/Product120604,yappingly sentinelship crystallogenesis numdah nickeline kataphoric hormogon perspirative psychotaxis shuttance zoccolo pa unfeloniously ekasilicon spermocenter porcelanite protargentum recompilation felon subcoastal electrodynamic tetrammine expanded,limicoline indiscoverably heroicity trapshoot bonbon heteradenia vorago sithens Alectoropodes moio opinably hurcheon linelet,13,7170537,944725,http://db.uwaterloo.ca/~galuc/wsdbm/User485517,http://db.uwaterloo.ca/~galuc/wsdbm/Product60717,http://db.uwaterloo.ca/~galuc/wsdbm/Language8
http://db.uwaterloo.ca/~galuc/wsdbm/Product120604,yappingly sentinelship crystallogenesis numdah nickeline kataphoric hormogon perspirative psychotaxis shuttance zoccolo pa unfeloniously ekasilicon spermocenter porcelanite protargentum recompilation felon subcoastal electrodynamic tetrammine expanded,limicoline indiscoverably heroicity trapshoot bonbon heteradenia vorago sithens Alectoropodes moio opinably hurcheon linelet,13,7170537,944725,http://db.uwaterloo.ca/~galuc/wsdbm/User485517,http://db.uwaterloo.ca/~galuc/wsdbm/Product60717,http://db.uwaterloo.ca/~galuc/wsdbm/Language0
http://db.uwaterloo.ca/~galuc/wsdbm/Product213560,glaucolite harshly dilluer recompetitor bighorn intervocal merocelic hayseed Petricola thiamide fleecy barger annoyment mentimutation collobrierite mesothetical Palaihnihan saltine uncoifed shoeflower acinous,loud kinescope tastably tithing unwordable cotemporaneously nast,13,http://db.uwaterloo.ca/~galuc/wsdbm/Review269948,strictness blushfully partivity bilocation unpalatability ibid,http://db.uwaterloo.ca/~galuc/wsdbm/User205592,http://db.uwaterloo.ca/~galuc/wsdbm/Product139172,http://db.uwaterloo.ca/~galuc/wsdbm/Language1
http://db.uwaterloo.ca/~galuc/wsdbm/Product213560,glaucolite harshly dilluer recompetitor bighorn intervocal merocelic hayseed Petricola thiamide fleecy barger annoyment mentimutation collobrierite mesothetical Palaihnihan saltine uncoifed shoeflower acinous,loud kinescope tastably tithing unwordable cotemporaneously nast,13,http://db.uwaterloo.ca/~galuc/wsdbm/Review269948,strictness blushfully partivity bilocation unpalatability ibid,http://db.uwaterloo.ca/~galuc/wsdbm/User205592,http://db.uwaterloo.ca/~galuc/wsdbm/Product139172,6959736
http://db.uwaterloo.ca/~galuc/wsdbm/Product213560,glaucolite harshly dilluer recompetitor bighorn intervocal merocelic hayseed Petricola thiamide fleecy barger annoyment mentimutation collobrierite mesothetical Palaihnihan saltine uncoifed shoeflower acinous,loud kinescope tastably tithing unwordable cotemporaneously nast,13,http://db.uwaterloo.ca/~galuc/wsdbm/Review269948,strictness blushfully partivity bilocation unpalatability ibid,http://db.uwaterloo.ca/~galuc/wsdbm/User205592,http://db.uwaterloo.ca/~galuc/wsdbm/Product139172,http://db.uwaterloo.ca/~galuc/wsdbm/Language0
http://db.uwaterloo.ca/~galuc/wsdbm/Product169036,abstemiousness epicystotomy,Kohathite schoolbag lasty buckstay warrandice megacoulomb Hexanchidae ecstasize borlase fragmentary joyleaf cochurchwarden disgustedness Alstonia,11,http://db.uwaterloo.ca/~galuc/wsdbm/Review848510,antiserum,http://db.uwaterloo.ca/~galuc/wsdbm/User275150,http://db.uwaterloo.ca/~galuc/wsdbm/Product54808,http://db.uwaterloo.ca/~galuc/wsdbm/Language0
http://db.uwaterloo.ca/~galuc/wsdbm/Product31949,uncontrolled somesthetic variolitization saturnism toadyship dephlegmedness deliberalize neurodynia,mussuk unforetellable obedientialness mimmest dextroduction hippoboscid fineish fiddling sericipary pantalgia vernacularism honoress eumenid rizzomed Loammi associatory pantomnesic hexapla,12,http://db.uwaterloo.ca/~galuc/wsdbm/Review1452017,prorsad seminarianism rackabones Thuban Herodiones adenographical caramelan perimedullary flocculate pajahuello solve unclear raband,http://db.uwaterloo.ca/~galuc/wsdbm/User366364,http://db.uwaterloo.ca/~galuc/wsdbm/Product114482,http://db.uwaterloo.ca/~galuc/wsdbm/Language2
http://db.uwaterloo.ca/~galuc/wsdbm/Product3967,8102946,infidelity psorosis reservery milioliform disappointer rockhearted chemoceptor infectuous havildar Narcissan plenty Vallota Celtiberi notchy,12,http://db.uwaterloo.ca/~galuc/wsdbm/Review254109,bronchitis,http://db.uwaterloo.ca/~galuc/wsdbm/User68388,http://db.uwaterloo.ca/~galuc/wsdbm/Product186899,http://db.uwaterloo.ca/~galuc/wsdbm/Language26
http://db.uwaterloo.ca/~galuc/wsdbm/Product158569,Zoophaga perpetuant oscitation pneumatode unsharpening bishopful saffroned,nocktat shrewstruck abstracted noncapsizable,9,2538457,nongrass delve flowingness overseverity schnorrer scatterer overharshness univalvate Limawood fluotitanate Seginus hypermetron sulphoxyphosphate lead pepticity cyanole predescribe meshwork transmural enterotome,http://db.uwaterloo.ca/~galuc/wsdbm/User423616,7798166,http://db.uwaterloo.ca/~galuc/wsdbm/Language3
http://db.uwaterloo.ca/~galuc/wsdbm/Product158569,Zoophaga perpetuant oscitation pneumatode unsharpening bishopful saffroned,nocktat shrewstruck abstracted noncapsizable,9,2538457,nongrass delve flowingness overseverity schnorrer scatterer overharshness univalvate Limawood fluotitanate Seginus hypermetron sulphoxyphosphate lead pepticity cyanole predescribe meshwork transmural enterotome,http://db.uwaterloo.ca/~galuc/wsdbm/User423616,7798166,http://db.uwaterloo.ca/~galuc/wsdbm/Language2
http://db.uwaterloo.ca/~galuc/wsdbm/Product158569,Zoophaga perpetuant oscitation pneumatode unsharpening bishopful saffroned,nocktat shrewstruck abstracted noncapsizable,9,2538457,nongrass delve flowingness overseverity schnorrer scatterer overharshness univalvate Limawood fluotitanate Seginus hypermetron sulphoxyphosphate lead pepticity cyanole predescribe meshwork transmural enterotome,http://db.uwaterloo.ca/~galuc/wsdbm/User423616,7798166,6959736
http://db.uwaterloo.ca/~galuc/wsdbm/Product158569,Zoophaga perpetuant oscitation pneumatode unsharpening bishopful saffroned,nocktat shrewstruck abstracted noncapsizable,9,2538457,nongrass delve flowingness overseverity schnorrer scatterer overharshness univalvate Limawood fluotitanate Seginus hypermetron sulphoxyphosphate lead pepticity cyanole predescribe meshwork transmural enterotome,http://db.uwaterloo.ca/~galuc/wsdbm/User423616,7798166,http://db.uwaterloo.ca/~galuc/wsdbm/Language0
http://db.uwaterloo.ca/~galuc/wsdbm/Product124414,fruittime arteriography parasital postarterial Macaranga floriate pseudomancy,parastichy unmentionability,17,http://db.uwaterloo.ca/~galuc/wsdbm/Review694875,coengager toho glumly Schizanthus gyrophoric,http://db.uwaterloo.ca/~galuc/wsdbm/User553169,6467502,5302132
http://db.uwaterloo.ca/~galuc/wsdbm/Product124414,fruittime arteriography parasital postarterial Macaranga floriate pseudomancy,parastichy unmentionability,17,http://db.uwaterloo.ca/~galuc/wsdbm/Review694875,coengager toho glumly Schizanthus gyrophoric,http://db.uwaterloo.ca/~galuc/wsdbm/User553169,6467502,http://db.uwaterloo.ca/~galuc/wsdbm/Language16
http://db.uwaterloo.ca/~galuc/wsdbm/Product163573,alas,subatom disguise recapture prismal curable crake outweary antiastronomical mesogaster expropriation tritocone omphalopagus triethylstibine acipenseroid,17,http://db.uwaterloo.ca/~galuc/wsdbm/Review1424014,serpentine predefinite polypite Elean bulling featherhead sociostatic profoundness,http://db.uwaterloo.ca/~galuc/wsdbm/User683424,717235,http://db.uwaterloo.ca/~galuc/wsdbm/Language28
http://db.uwaterloo.ca/~galuc/wsdbm/Product183897,sycomancy Biblical dendrologist schipperke,commemorate,8,http://db.uwaterloo.ca/~galuc/wsdbm/Review281203,supraciliary knur akasa lungflower sided unapprehendableness convulsible squamosoparietal remanipulate,4183171,http://db.uwaterloo.ca/~galuc/wsdbm/Product191446,http://db.uwaterloo.ca/~galuc/wsdbm/Language1
http://db.uwaterloo.ca/~galuc/wsdbm/Product246559,Kirundi exceptor cliffed monsignorial optimate stolen tickless Capetonian hydratropic gamesomely Capernaitish mandatorily misreposed chrysanthemum wamblingly demodectic vendibility,distinguishableness pascuous waved Hermo frumpily hemoid alfa theatricals semisovereignty tumblingly board,6,http://db.uwaterloo.ca/~galuc/wsdbm/Review1247743,porphyrinuria pepsinhydrochloric unlignified irreverentially trihedron submetallic hemogenetic diatonical dissogeny unhazed galbanum hydragogue phacochoeroid epidemiological Cana,http://db.uwaterloo.ca/~galuc/wsdbm/User316990,http://db.uwaterloo.ca/~galuc/wsdbm/Product71341,2540947
http://db.uwaterloo.ca/~galuc/wsdbm/Product246559,Kirundi exceptor cliffed monsignorial optimate stolen tickless Capetonian hydratropic gamesomely Capernaitish mandatorily misreposed chrysanthemum wamblingly demodectic vendibility,distinguishableness pascuous waved Hermo frumpily hemoid alfa theatricals semisovereignty tumblingly board,6,http://db.uwaterloo.ca/~galuc/wsdbm/Review1247743,porphyrinuria pepsinhydrochloric unlignified irreverentially trihedron submetallic hemogenetic diatonical dissogeny unhazed galbanum hydragogue phacochoeroid epidemiological Cana,http://db.uwaterloo.ca/~galuc/wsdbm/User316990,http://db.uwaterloo.ca/~galuc/wsdbm/Product71341,http://db.uwaterloo.ca/~galuc/wsdbm/Language6
http://db.uwaterloo.ca/~galuc/wsdbm/Product246559,Kirundi exceptor cliffed monsignorial optimate stolen tickless Capetonian hydratropic gamesomely Capernaitish mandatorily misreposed chrysanthemum wamblingly demodectic vendibility,distinguishableness pascuous waved Hermo frumpily hemoid alfa theatricals semisovereignty tumblingly board,6,http://db.uwaterloo.ca/~galuc/wsdbm/Review1247743,porphyrinuria pepsinhydrochloric unlignified irreverentially trihedron submetallic hemogenetic diatonical dissogeny unhazed galbanum hydragogue phacochoeroid epidemiological Cana,http://db.uwaterloo.ca/~galuc/wsdbm/User316990,http://db.uwaterloo.ca/~galuc/wsdbm/Product71341,http://db.uwaterloo.ca/~galuc/wsdbm/Language0
http://db.uwaterloo.ca/~galuc/wsdbm/Product201422,superenrollment brichen undissuadable paraphrast cerographist cholecystitis,prolegomenon seducible regulationist Transjordanian Calvinistically yarringle afterband Parnassiaceae metrist Cyzicene chiliagon iracundity umpteenth streptococcal colory predespise,7,http://db.uwaterloo.ca/~galuc/wsdbm/Review755065,yad cotonier unsuggested multangularly uprighting breezeway waxiness graywether twanky pachycephalic antiquarianly nonspill mansuetude unclemently reversist pharmacomaniacal hypnotism miscredulity lemmoblastic calinda bronchadenitis pet,http://db.uwaterloo.ca/~galuc/wsdbm/User35853,http://db.uwaterloo.ca/~galuc/wsdbm/Product210439,http://db.uwaterloo.ca/~galuc/wsdbm/Language1
http://db.uwaterloo.ca/~galuc/wsdbm/Product38082,uncontrovertably adiation dicarbonic antitobacconist visioner discompose contraclockwise airedale octogamy courtbred haysel superscrive overwisely bridely,Fasciolaria unaspiring zendikite Vespa Dicynodon slank tardy bragger postfurcal Arawak plandok joggler dewclaw amianthine ophthalmitis osmometry crawberry tromometrical,9,http://db.uwaterloo.ca/~galuc/wsdbm/Review50058,5130540,http://db.uwaterloo.ca/~galuc/wsdbm/User753606,http://db.uwaterloo.ca/~galuc/wsdbm/Product156948,http://db.uwaterloo.ca/~galuc/wsdbm/Language1
http://db.uwaterloo.ca/~galuc/wsdbm/Product238356,mysteriosophic Wambuba impackment dermohemal unmedicated unturbid vergobret junglewards afflux,fraternalist anconad racegoing overfierce Solutrean indigently paramesial benziminazole,16,http://db.uwaterloo.ca/~galuc/wsdbm/Review1156335,tunicless curvometer unadvancedly significantly hypnotist superservice deplorableness superiority Machogo encomiastically slut ceraceous Holophane Shivaite flindosy tremulant nonperson attornment aphthitalite canorously cherimoya awmous salvatory Hyolithidae,http://db.uwaterloo.ca/~galuc/wsdbm/User892623,http://db.uwaterloo.ca/~galuc/wsdbm/Product213435,http://db.uwaterloo.ca/~galuc/wsdbm/Language11
http://db.uwaterloo.ca/~galuc/wsdbm/Product239370,screenwise forereport classification plowbote polyzoism misprejudiced uncabled once blackheart Adelges aboriginality Dictyosiphon scullionish recompass reel biforked alopecist overgirdle aplodiorite Exocyclica saturater,precuneus reamerer ternar fittingness phyllodiniation philoradical Thule shredding epicarid encanker ichthulinic elasticizer tirralirra porky undisguisedly Mesoreodon,7,http://db.uwaterloo.ca/~galuc/wsdbm/Review576402,superdelicate millrynd Bartholomean,http://db.uwaterloo.ca/~galuc/wsdbm/User423659,http://db.uwaterloo.ca/~galuc/wsdbm/Product104147,http://db.uwaterloo.ca/~galuc/wsdbm/Language2
http://db.uwaterloo.ca/~galuc/wsdbm/Product239370,screenwise forereport classification plowbote polyzoism misprejudiced uncabled once blackheart Adelges aboriginality Dictyosiphon scullionish recompass reel biforked alopecist overgirdle aplodiorite Exocyclica saturater,precuneus reamerer ternar fittingness phyllodiniation philoradical Thule shredding epicarid encanker ichthulinic elasticizer tirralirra porky undisguisedly Mesoreodon,7,http://db.uwaterloo.ca/~galuc/wsdbm/Review576402,superdelicate millrynd Bartholomean,http://db.uwaterloo.ca/~galuc/wsdbm/User423659,http://db.uwaterloo.ca/~galuc/wsdbm/Product104147,http://db.uwaterloo.ca/~galuc/wsdbm/Language31
http://db.uwaterloo.ca/~galuc/wsdbm/Product239370,screenwise forereport classification plowbote polyzoism misprejudiced uncabled once blackheart Adelges aboriginality Dictyosiphon scullionish recompass reel biforked alopecist overgirdle aplodiorite Exocyclica saturater,precuneus reamerer ternar fittingness phyllodiniation philoradical Thule shredding epicarid encanker ichthulinic elasticizer tirralirra porky undisguisedly Mesoreodon,7,http://db.uwaterloo.ca/~galuc/wsdbm/Review576402,superdelicate millrynd Bartholomean,http://db.uwaterloo.ca/~galuc/wsdbm/User423659,http://db.uwaterloo.ca/~galuc/wsdbm/Product104147,http://db.uwaterloo.ca/~galuc/wsdbm/Language0
http://db.uwaterloo.ca/~galuc/wsdbm/Product196604,Balaenoptera coradicate surfrappe recoilment betutor Deripia wowt lacmoid pediculine conquistador scornfully jazziness Cochranea parakeratosis paled bleb overassertion stickless pyrotartaric dictic splendaciousness nonuniformity nonabolition sibilatingly nocerite,extrathoracic encurtain swap fanegada opuntioid preslavery Reformati seragli quipster gimlet odelet equipage phylon exciseman antisnapper potrack depreciatory scaddle bewhisper ulexite ultragaseous cancerigenic marbleizer Crispin,10,http://db.uwaterloo.ca/~galuc/wsdbm/Review1010339,coppernosed acidite mudflow technicalist sinapize Hunker Jordanian moration faery sciosophy aerobious Khalifat symbolicly prothrift Empetraceae,http://db.uwaterloo.ca/~galuc/wsdbm/User874453,3603478,http://db.uwaterloo.ca/~galuc/wsdbm/Language2
http://db.uwaterloo.ca/~galuc/wsdbm/Product196604,Balaenoptera coradicate surfrappe recoilment betutor Deripia wowt lacmoid pediculine conquistador scornfully jazziness Cochranea parakeratosis paled bleb overassertion stickless pyrotartaric dictic splendaciousness nonuniformity nonabolition sibilatingly nocerite,extrathoracic encurtain swap fanegada opuntioid preslavery Reformati seragli quipster gimlet odelet equipage phylon exciseman antisnapper potrack depreciatory scaddle bewhisper ulexite ultragaseous cancerigenic marbleizer Crispin,10,http://db.uwaterloo.ca/~galuc/wsdbm/Review1010339,coppernosed acidite mudflow technicalist sinapize Hunker Jordanian moration faery sciosophy aerobious Khalifat symbolicly prothrift Empetraceae,http://db.uwaterloo.ca/~galuc/wsdbm/User874453,3603478,http://db.uwaterloo.ca/~galuc/wsdbm/Language0
http://db.uwaterloo.ca/~galuc/wsdbm/Product149644,Belait sustentaculum antronasal foreappoint inexplicable gardener worded familial tanhouse clatch circumscriptive proparliamental granger catacorolla sparkish holden staphyloplasty tandle unhurrying,giddyberry representativity,17,7313547,volitionally unframed hushion Annularia presuffering musimon fugler unruliness farmerlike sclererythrin hambergite unevitable endocolpitis postfixed lachrymalness eyeshield blot,http://db.uwaterloo.ca/~galuc/wsdbm/User603262,http://db.uwaterloo.ca/~galuc/wsdbm/Product238876,http://db.uwaterloo.ca/~galuc/wsdbm/Language6
http://db.uwaterloo.ca/~galuc/wsdbm/Product110813,peplos smoothbore Striginae cogitability semidomesticated heterostylism inhabitability squeezy Randia hominine sorage embay nudge talao demonologer,unflanked scurvyweed avoider dullardism vernacle elemental homegoer interstapedial pseudohalogen predate templeful garnerage upperch almacigo beshag foldless profiler unsophistical aerophone introject Saxish,12,http://db.uwaterloo.ca/~galuc/wsdbm/Review429595,trehalase macrosomatous celioscope gadding unsought tectospondylous microsporous,http://db.uwaterloo.ca/~galuc/wsdbm/User344634,2897713,http://db.uwaterloo.ca/~galuc/wsdbm/Language3
http://db.uwaterloo.ca/~galuc/wsdbm/Product238356,mysteriosophic Wambuba impackment dermohemal unmedicated unturbid vergobret junglewards afflux,fraternalist anconad racegoing overfierce Solutrean indigently paramesial benziminazole,16,http://db.uwaterloo.ca/~galuc/wsdbm/Review1156335,tunicless curvometer unadvancedly significantly hypnotist superservice deplorableness superiority Machogo encomiastically slut ceraceous Holophane Shivaite flindosy tremulant nonperson attornment aphthitalite canorously cherimoya awmous salvatory Hyolithidae,http://db.uwaterloo.ca/~galuc/wsdbm/User892623,http://db.uwaterloo.ca/~galuc/wsdbm/Product53671,http://db.uwaterloo.ca/~galuc/wsdbm/Language0
http://db.uwaterloo.ca/~galuc/wsdbm/Product26532,824536,therewith cassinette Fathometer Mayeye Tempe slumdom ergatandromorph connaturalness Hemerobiidae underroast invigor gardyloo frowy worser accusatively staminode Saurauiaceae deorganize nebulium milkweed tanguile precertify annualize foud,15,http://db.uwaterloo.ca/~galuc/wsdbm/Review1001490,pyroacetic reconventional irrelevant freewoman autophoby licentiateship betongue sumph,http://db.uwaterloo.ca/~galuc/wsdbm/User104013,http://db.uwaterloo.ca/~galuc/wsdbm/Product117863,http://db.uwaterloo.ca/~galuc/wsdbm/Language12
http://db.uwaterloo.ca/~galuc/wsdbm/Product26532,824536,therewith cassinette Fathometer Mayeye Tempe slumdom ergatandromorph connaturalness Hemerobiidae underroast invigor gardyloo frowy worser accusatively staminode Saurauiaceae deorganize nebulium milkweed tanguile precertify annualize foud,15,http://db.uwaterloo.ca/~galuc/wsdbm/Review1001490,pyroacetic reconventional irrelevant freewoman autophoby licentiateship betongue sumph,http://db.uwaterloo.ca/~galuc/wsdbm/User104013,http://db.uwaterloo.ca/~galuc/wsdbm/Product117863,http://db.uwaterloo.ca/~galuc/wsdbm/Language14
http://db.uwaterloo.ca/~galuc/wsdbm/Product26532,824536,therewith cassinette Fathometer Mayeye Tempe slumdom ergatandromorph connaturalness Hemerobiidae underroast invigor gardyloo frowy worser accusatively staminode Saurauiaceae deorganize nebulium milkweed tanguile precertify annualize foud,15,http://db.uwaterloo.ca/~galuc/wsdbm/Review1001490,pyroacetic reconventional irrelevant freewoman autophoby licentiateship betongue sumph,http://db.uwaterloo.ca/~galuc/wsdbm/User104013,http://db.uwaterloo.ca/~galuc/wsdbm/Product117863,http://db.uwaterloo.ca/~galuc/wsdbm/Language26
http://db.uwaterloo.ca/~galuc/wsdbm/Product7279,paromology,subcontinual cestoid Conopholis Egyptianization heterotrophic Northman towerwort hinderest turnicine consequentiality mastodontic trinitrin disnaturalization trimesitic cacomagician zonurid,17,http://db.uwaterloo.ca/~galuc/wsdbm/Review793545,aftermatter snuffy rolling nonerecting aillt angaria potichomania centner Musophaga reshuffle Afrogaean stria Chordaceae hordeiform cribellum veiner encrinital endanger fostering whud appulsive buttressless flipperling,3057744,http://db.uwaterloo.ca/~galuc/wsdbm/Product40932,http://db.uwaterloo.ca/~galuc/wsdbm/Language2
http://db.uwaterloo.ca/~galuc/wsdbm/Product166914,Insecta stalagmitically gerontal unimmigrating deviant Zonaria profectional hypercholesterinemia undistrustful stereoradiography kotal hatrack ungripe galvanomagnet unreproving metachromatinic hatchettine unfeignably,9721277,11,http://db.uwaterloo.ca/~galuc/wsdbm/Review1162242,toucher stylelessness sward velarize undirectly undergraduate symmetrically tenth demonifuge dramatic caneology tenai bombaster undetermining tarnishable defrost nondeterminist witchetty needlebill pericentric recappable anthropomorphist,http://db.uwaterloo.ca/~galuc/wsdbm/User295574,http://db.uwaterloo.ca/~galuc/wsdbm/Product52833,http://db.uwaterloo.ca/~galuc/wsdbm/Language1
http://db.uwaterloo.ca/~galuc/wsdbm/Product166914,Insecta stalagmitically gerontal unimmigrating deviant Zonaria profectional hypercholesterinemia undistrustful stereoradiography kotal hatrack ungripe galvanomagnet unreproving metachromatinic hatchettine unfeignably,9721277,11,http://db.uwaterloo.ca/~galuc/wsdbm/Review1162242,toucher stylelessness sward velarize undirectly undergraduate symmetrically tenth demonifuge dramatic caneology tenai bombaster undetermining tarnishable defrost nondeterminist witchetty needlebill pericentric recappable anthropomorphist,http://db.uwaterloo.ca/~galuc/wsdbm/User295574,http://db.uwaterloo.ca/~galuc/wsdbm/Product52833,http://db.uwaterloo.ca/~galuc/wsdbm/Language2
5423216,incomposedness Loranthaceae semeiotical pinicoline superlunary amok sustentative unappeasableness ovalish,sauqui anorganology imperiousness leapfrogging stagnature covet nonpartial tegular pinite crickety unadvisable beplumed peract hematological,14,http://db.uwaterloo.ca/~galuc/wsdbm/Review1138960,precreditor,http://db.uwaterloo.ca/~galuc/wsdbm/User649080,http://db.uwaterloo.ca/~galuc/wsdbm/Product247774,http://db.uwaterloo.ca/~galuc/wsdbm/Language1
5423216,incomposedness Loranthaceae semeiotical pinicoline superlunary amok sustentative unappeasableness ovalish,sauqui anorganology imperiousness leapfrogging stagnature covet nonpartial tegular pinite crickety unadvisable beplumed peract hematological,14,http://db.uwaterloo.ca/~galuc/wsdbm/Review1138960,precreditor,http://db.uwaterloo.ca/~galuc/wsdbm/User649080,http://db.uwaterloo.ca/~galuc/wsdbm/Product247774,http://db.uwaterloo.ca/~galuc/wsdbm/Language10
http://db.uwaterloo.ca/~galuc/wsdbm/Product31949,uncontrolled somesthetic variolitization saturnism toadyship dephlegmedness deliberalize neurodynia,mussuk unforetellable obedientialness mimmest dextroduction hippoboscid fineish fiddling sericipary pantalgia vernacularism honoress eumenid rizzomed Loammi associatory pantomnesic hexapla,12,http://db.uwaterloo.ca/~galuc/wsdbm/Review1452017,prorsad seminarianism rackabones Thuban Herodiones adenographical caramelan perimedullary flocculate pajahuello solve unclear raband,http://db.uwaterloo.ca/~galuc/wsdbm/User366364,http://db.uwaterloo.ca/~galuc/wsdbm/Product226080,http://db.uwaterloo.ca/~galuc/wsdbm/Language3
http://db.uwaterloo.ca/~galuc/wsdbm/Product31949,uncontrolled somesthetic variolitization saturnism toadyship dephlegmedness deliberalize neurodynia,mussuk unforetellable obedientialness mimmest dextroduction hippoboscid fineish fiddling sericipary pantalgia vernacularism honoress eumenid rizzomed Loammi associatory pantomnesic hexapla,12,http://db.uwaterloo.ca/~galuc/wsdbm/Review1452017,prorsad seminarianism rackabones Thuban Herodiones adenographical caramelan perimedullary flocculate pajahuello solve unclear raband,http://db.uwaterloo.ca/~galuc/wsdbm/User366364,http://db.uwaterloo.ca/~galuc/wsdbm/Product226080,http://db.uwaterloo.ca/~galuc/wsdbm/Language34
http://db.uwaterloo.ca/~galuc/wsdbm/Product31949,uncontrolled somesthetic variolitization saturnism toadyship dephlegmedness deliberalize neurodynia,mussuk unforetellable obedientialness mimmest dextroduction hippoboscid fineish fiddling sericipary pantalgia vernacularism honoress eumenid rizzomed Loammi associatory pantomnesic hexapla,12,http://db.uwaterloo.ca/~galuc/wsdbm/Review1452017,prorsad seminarianism rackabones Thuban Herodiones adenographical caramelan perimedullary flocculate pajahuello solve unclear raband,http://db.uwaterloo.ca/~galuc/wsdbm/User366364,http://db.uwaterloo.ca/~galuc/wsdbm/Product226080,http://db.uwaterloo.ca/~galuc/wsdbm/Language31
3517614,encurl ileocolic urging packstaff candiru soldierbird neurohypnology uncommensurable diffusive consuetitude hitch spirogram bubblish selenodont chromolipoid spheric Kurku unholily finesse spume Maskegon hormonic,highboy dioestrum Sphacelaria Luchuan fleshings pervert calcareousness anhalonine,10,http://db.uwaterloo.ca/~galuc/wsdbm/Review183620,chiefess protomeristem caroba cavicorn histamine rhabdomancer contestation haploperistomous louey,http://db.uwaterloo.ca/~galuc/wsdbm/User586820,http://db.uwaterloo.ca/~galuc/wsdbm/Product164999,http://db.uwaterloo.ca/~galuc/wsdbm/Language2
http://db.uwaterloo.ca/~galuc/wsdbm/Product45328,nonmaritime mercifully sphinxianness antiaristocrat howe tottlish lumpsucker reacclimatize cimicide purulence boastfulness poikilocythemia bowenite interglacial suffragist planospiral insubvertible Taku zephyrean smutch tonneaued sornare sleeplessness,Archegoniatae boxwood Physopoda unsavoredly renegadism saprophagous snoutish millithrum carpel mothered hastatolanceolate Ingaevones counterrestoration veininess,16,http://db.uwaterloo.ca/~galuc/wsdbm/Review1456829,637537,http://db.uwaterloo.ca/~galuc/wsdbm/User370247,6251782,http://db.uwaterloo.ca/~galuc/wsdbm/Language20
http://db.uwaterloo.ca/~galuc/wsdbm/Product45328,nonmaritime mercifully sphinxianness antiaristocrat howe tottlish lumpsucker reacclimatize cimicide purulence boastfulness poikilocythemia bowenite interglacial suffragist planospiral insubvertible Taku zephyrean smutch tonneaued sornare sleeplessness,Archegoniatae boxwood Physopoda unsavoredly renegadism saprophagous snoutish millithrum carpel mothered hastatolanceolate Ingaevones counterrestoration veininess,16,http://db.uwaterloo.ca/~galuc/wsdbm/Review1456829,637537,http://db.uwaterloo.ca/~galuc/wsdbm/User370247,6251782,http://db.uwaterloo.ca/~galuc/wsdbm/Language16
http://db.uwaterloo.ca/~galuc/wsdbm/Product45328,nonmaritime mercifully sphinxianness antiaristocrat howe tottlish lumpsucker reacclimatize cimicide purulence boastfulness poikilocythemia bowenite interglacial suffragist planospiral insubvertible Taku zephyrean smutch tonneaued sornare sleeplessness,Archegoniatae boxwood Physopoda unsavoredly renegadism saprophagous snoutish millithrum carpel mothered hastatolanceolate Ingaevones counterrestoration veininess,16,http://db.uwaterloo.ca/~galuc/wsdbm/Review1456829,637537,http://db.uwaterloo.ca/~galuc/wsdbm/User370247,6251782,http://db.uwaterloo.ca/~galuc/wsdbm/Language0
http://db.uwaterloo.ca/~galuc/wsdbm/Product249330,quadrivalve aortectasia oversoftness misquote siccate telocentric Estheria uroleucic impartive pulvinated seraw Arawakan issue,phrenopathia ramosely statcoulomb chloralum autodecomposition intracostal Quadragesima unantagonized acoma undeclined torticollar coorie bangkok timeling pauldron mobilizable engrossingness clearinghouse Rutiodon air hellishness hygienical groundberry,13,http://db.uwaterloo.ca/~galuc/wsdbm/Review187075,oisin Sambathe fu olfactible educable pinatype deliberation Catharist geneserine braced parsoned misbeholden awry Sulaib roomkeeper,http://db.uwaterloo.ca/~galuc/wsdbm/User200373,http://db.uwaterloo.ca/~galuc/wsdbm/Product55166,http://db.uwaterloo.ca/~galuc/wsdbm/Language4
http://db.uwaterloo.ca/~galuc/wsdbm/Product249330,quadrivalve aortectasia oversoftness misquote siccate telocentric Estheria uroleucic impartive pulvinated seraw Arawakan issue,phrenopathia ramosely statcoulomb chloralum autodecomposition intracostal Quadragesima unantagonized acoma undeclined torticollar coorie bangkok timeling pauldron mobilizable engrossingness clearinghouse Rutiodon air hellishness hygienical groundberry,13,http://db.uwaterloo.ca/~galuc/wsdbm/Review187075,oisin Sambathe fu olfactible educable pinatype deliberation Catharist geneserine braced parsoned misbeholden awry Sulaib roomkeeper,http://db.uwaterloo.ca/~galuc/wsdbm/User200373,http://db.uwaterloo.ca/~galuc/wsdbm/Product55166,http://db.uwaterloo.ca/~galuc/wsdbm/Language0
